ccaa_cd,zbs_residencia_cd,grupo_edad_cd,sexo_cd,tsi_cd,n_poblacion
YwaVWEIeNmbPrGGhjfaz,tSMhhTiqlCsZiXzmUOqb,10,0,7,3345
YdCyFeEoCHzsmWxBbAah,VwQggsmlwvqREtJuyqzk,4,1,3,8191
ytcEiChWOXhpcoPjiXiR,nlzBfpIpGqqPiSSkrbTi,16,2,3,3293
cusrQyOyQTwOQpgjwgBR,GlnoXhivgTnFbyHAVlDc,11,2,5,6445
zQIHrKQiVoiRLPxducob,jsYvPUloEAGuAccoEeCC,7,9,2,2888
AeWKqXdndwkuKUAQsSAK,nfunuoyQTveMkxVIphgm,16,0,6,9661
jEpQBzOCrgGWRdqaJHNh,KWmaRkLbsGsPShkwcOoA,13,9,3,7377
lwMkQtTXBVvJSRenvSof,qbNfhPSBHbCVyQwdZdDu,6,2,6,1911
tlLEcTwOiqduwJyuyotF,VGcKtkYDVlchjlysqUbD,4,2,0,2491
kAWxIIPLIftPdhVEYNZp,HQtMKMTBGmrgBPbSObDg,4,9,4,9476
JrXpkQoBFrrqnNECQnhb,FobLJVSYaYocGwYYIrJB,9,1,5,8557
bZYIZAwAdNpKVlAHQJrD,SlRHUpXwgNNmheADJzrL,4,1,0,9405
izWXhBGhXmiAAOSqKDBF,rvroMeHaWjCDxyBQNeik,7,2,6,5140
xtWNJUFdlPsWJtzcxepW,kdhnqJGtuQSTcxZPUdmj,9,1,5,3241
hJHKPSstjHlkZGLAgVHc,gugBjUUFZSDhIKFzzfeD,4,0,5,1437
VyFtuOmaqZgFSBEBqsWL,djoIiwepNRfEaajbLkld,13,9,1,8212
HxVTYCvjoTjXESBNERAL,UsHkCbSQdKOeJxRPprmM,6,2,0,9442
PtfJSRgOzCgOmKrXKsCj,hNdgqjNCxsVTWSCElMaj,2,1,7,7561
yWWqwBCZekFrtKkbYqfc,CbVwglBTcccwnoeXCbbA,2,0,8,6215
JwrYWLUiYaFVVKWFiVkx,XZZqyTpoThcaNjjgimrK,6,2,5,5065
xArnUuJzmoYVimXVsCwx,mMfQyjLUKkLrduQjCSOg,7,1,4,4641
COLLdmHLzOXKRrQAPJpO,IIgCPCWwdSxepaYGyZDp,1,9,4,6550
PAhtjhpzPFnVXSyTiPlm,OOXeFWQgVYLLDOVtjzLf,16,0,2,8195
dQQRDhulDhlLGJAsjlCa,fshsPSFXgIbYDLnBOElE,10,2,4,2330
swJavvXHANOODpEbKgYD,MUOFgBopUMeoOhcuAYVf,10,1,7,8303
NukwfvSFVLOMldtgJbAP,UZjwxzDvnULFqLbdZpfA,8,2,4,3720
LacXbNTlGDUmxnvMBapI,NpEidWSJMOMZndHFcrSh,17,0,7,2530
XEVKHGFVwwroeURMDrBF,ARzNIQsafHrjTTvgpuiD,17,1,5,6513
IvwjfUrEYjAuqAHXHrLF,EXJkwLhUYsntYFVPCaEo,2,2,5,3692
nTdVxFabFfIKjDnRNQqW,HuHWEZXYyBPdTHtzaVpd,7,0,4,4966
bDrCMeOWOaeRCrJQFaxl,ktQKPSbwWGFGYwgSKgTw,18,2,8,8505
sruKbgsMfniGDzePNJRv,ATdtODLKBPvFdAdViQEJ,15,2,8,7122
qCGDKiwzhAyDpohgZIZn,FhtGlmzsMenflphGAGec,4,0,1,4964
qpiGYxntcsOKabFjQYHJ,xTtxlPmbAezvlfpnQDso,10,2,2,9445
PqWVvWxAXGrkXquswuWJ,MUJhzLooSdczLlfJEvgo,8,9,6,5024
nWFxsAWjtxVROgtWvFnq,OEShMfgVylLNjgyfOjeX,8,0,3,824
wqIGQLDjxNxixzIRdplg,FMQMsBQrTuoICrzVWyjn,16,0,4,5369
WEjYTtpEwyXDNXeZYSfh,fslnnqMCSDNniWAidLZQ,1,9,0,7801
gyTTbOkqnVwZpslqkpMB,VUWznFzbnOFpJMWvIKEI,1,2,1,8992
ZBMnXJjFcrAFxgeIHBfq,IgaZFeuxezFzhkcUzaRF,17,9,4,2547
WnYtvblHDOddtLzHaQGJ,uDPUAYLpCWkBaAUKBntE,3,1,8,692
SPgoCXnpPdMpIryHbvUM,XKfxDGYWCUesRJwiVIKf,8,1,8,5272
lLOaUBHyoMZEcFvXxZUc,amvZlUwAEeNfmEdfRCVu,3,9,8,3332
GnkFVPbHMrWYegxbuuQN,AnirDunsxShVMTmXGGKM,12,1,3,6116
MIQrdvvIxYIAsAXDqYDz,TsixFGDhmepblPPLHiOb,12,2,1,3566
SnsyYhXToSVTxEneERyq,WXOJfxWqcXUWIgnThmrF,6,0,2,1945
BfCmkeQOLSPKkRZTNHso,kTsRrXOJfHDJPccTOIYb,7,1,4,6805
AHcycbfUjBwFQizdYekx,MCoqkcjqNygvBCHaJtnc,17,9,6,6870
xfIuVodXbBqThnJBqmxB,SQneAAPsuXkeJnMGZSGP,3,1,8,7438
WugVQKdEumUNQjhWJapB,oGlPxNHQlUrrJlmWRWPf,8,1,5,6292
gDpqxmNCwgqhPrjknsPH,wvlOCAYOYChPPmHozgJP,9,2,8,6438
oYBeuulRsnhhYSxwuudp,DfuxKRwTTbloQigIyPPK,1,0,7,9906
FccKdLljKdNNEthxfNwy,lXZVpANQMjagsgdoqTDh,11,2,2,824
xAhBYPkXAmUgsaSchQVN,RqVQmlULIwJSICKMbVej,16,0,3,5785
lNqrHudoGUugbRBbhwHB,ECSZxcbFXJaDraWDbkKD,14,1,4,9083
UERREwpqFMLjDsxXZBVx,nVaWEGoqrcoBAOdBtmKy,1,1,5,6891
FNmgBlZFInfQWtfUtpMx,mcLOvrQrynGXBvnaELrm,17,0,5,5176
foHGzNWWScKRXcRLHSlU,BrqaNWDMoBITsvyYceOG,10,9,2,4447
KPzTEgkrwbCMOtuSqjva,zrrIbVgDKZFtPYIMEBEQ,11,1,4,2931
yADrXHCsLjOWJiKXTWQr,dwjManEDpSTDgOxwLmMv,11,0,3,9010
EBfVzHQwPdvZYRvKXIFr,FBhjiUngOEhlbcJmyhKZ,10,1,3,6308
BfjPoOSKPLSdoXizSHic,ymOtXGFaJqiYmIXOqyFl,1,1,6,4969
ZHtHdGRqpsgEGEHvzcxE,VGuFymFgXvAvBKFaLDwG,16,1,7,7612
bQdwXdnHUTwbCOkSpRIm,rPUopfFvjDuAMqekrxfR,16,1,5,5332
GCiJcPfDTfclbvJrrQhy,BxHWGymakkwHaViXbWpF,16,2,8,6610
ssKOgynayAwXYCMmYoqA,jGBosGxcICaRweUIFaSZ,5,2,5,6957
EAideSQctOszLnkOOCRz,hipDbljLJvBvLlfdBpLn,14,0,7,2156
CAgJvYXeIdOCJrNVkoSn,uYiuDSohDADsJKtaUHwb,16,9,6,3313
ihAdMzwminvAsAnBscPS,tBeNtlwsIHwtMlRmveDn,4,9,7,9124
BebZPJkthRxZzvoNGPgh,ivdsebpXJqHIMJjbILxf,11,9,1,6261
ABurkbQHeTwvnEjpSBVO,CpUcGwwxZacHJPvWtOyj,15,2,4,4840
FfDyqpOOpOhjcHQbWrjs,UdefOEFTmebdyOqRmasg,15,9,7,3656
QfSDXNSxpEFElFagAwaE,MyZGiEnpwJAvYfDtZKaa,17,9,4,524
XkHrHSSHvxNdHGfKnURx,iSKJmkBoeHDppmQEJLPc,8,0,6,8404
LBHHJTXZAbtcyAacNtkW,oCLQLMgWCiIgIenXyYxI,3,0,7,3359
qhdeloZioaURgJzSPXyr,uLuoYPEBzhWRAuUuisxR,8,0,6,2264
DHkqHhKyBpuhDWoEvILv,IHgaEyzrYxgkmSAhHywe,9,1,6,9314
EorJmrkkDdWSSDQdXmaV,SLmcxLYruXruoYwScvSP,1,2,3,2064
qXUSPDfJpXthPqgJtqtu,KlBpwUSQZaGwuDMHIBCJ,15,9,0,2886
WcUYBYUfKhBAixApaZtY,WMKUWqXebPwIjRaKFzRT,3,2,6,6259
fBYDtcxaYkuveXMPTqDZ,EZmRCLUmjvWXGLIFnhmr,5,2,4,4173
BCvOhtriChKUDZfHyOCx,velhgSRWDgCucRsCjvUo,13,9,7,1691
qOPEXRqOeHTwoHnTTNRx,PLGakTEfkVwWXwfTKcmi,4,0,4,3021
BVQrpUhOkJcNtXEZGKOq,xGswqnljBARctRwSkxFE,11,9,3,6120
xmAasVLWRWCuekJQSXHK,WGUqYkruVLeezQeeMRKJ,2,9,5,9975
cwKzmehRtMELYtXfKJqH,tvRKZxmjsFiApLIxGnPI,12,2,2,6757
GEXHcfjlsCOdCVAJQcBU,QnZgldLYqDouvLIeFkgg,5,0,4,380
EtMObnOcEVOCEyaEfNVT,ZYiYyIwPqtAWvhloHcGb,6,1,7,8431
UoHHKbblqBvhYhtwmvCM,FVqUZiIDgdJWZjkLVmPN,14,2,3,3368
TgknHLNcDPunZnpnGaBR,gHXzzOGkejpVOdKcwqNg,9,1,7,9763
eIxWOTXEiruFkVTUGUIv,wDNKWtOsibEUmbwWZFBk,4,1,3,8817
kScVPEzJtmtnxKewwpDy,KtTRxCJJGytWijpxFgvO,18,9,6,5690
MWVvsAvuoHiCOnldeUJb,iJNjIgyHoyEiGFKCjfAO,13,2,1,3151
YwaRcSxVPDZUDcIhfpOR,wdyyUBUWxfNkveHZShTn,5,0,6,798
tMVJYoMxtwwaPybiPiPU,rxGMCRUBaZsEjCniSoXF,2,0,0,9049
qeBODSMxdszciUhOPWTj,YLUOzcIgRGimSSPPXGyS,7,2,7,101
duUxyDxHTfMSKXsWGTjh,ujbcRZaifNJBqLmnThSG,4,9,3,9329
dzwfVEllqjqIcnlWNYDt,ugzoytocVflkiQdibRcy,14,9,2,114
NHCRlEQxFbPEsYEJAFKO,mPiHcrsnYqXzgidVXivj,1,1,6,7537
EEyTXPvYggqsQvXRapBv,pwlyHYFhcVWdoIRXsttV,3,9,4,6787
GHLkYcKBGYhSaPzzdEBI,ZgvXNTenGiblyfyqkUOS,15,1,4,2490
LxpzybHsQXetNCYWCrsA,AUbFPCxvygeXxgPzMKZU,2,1,0,315
EQAEytxVIfcWAErjyEZi,TVsHqWvoGKlbVmSTURYa,15,0,7,6630
mRWzPSpFAmoEBXCmFCWl,WtzcGasBSbenPZzpBSVi,5,0,6,1669
ZGhDFJtBfoCsqMnVpBvg,bSlhOXUUZVJRCcxyaTwp,18,2,4,4178
SUpPECPFAhkkkqbDWnFI,NubyfaPqQBgvqmGcGYju,16,1,8,2532
oUZtzflyRhbQDNweofMO,sRYRxAgPFBztkQBdcieA,2,1,1,9385
TlOgSlDCZsIxcYwiJOpb,TTnvwZlavzASvoqcDmyD,3,1,3,9534
bqCHiaxJnVdwoivdLhoM,IlqPVvBbDoHImxVHRhQA,9,1,0,1074
ZyhUWXdpNVgEupwmdOSV,YeQnhcNxCkZZfKYBXZIi,15,0,8,5805
SQJTCNHBnhBpEAVdXFtD,YPgnrSRFniNSWrqCnoMW,5,9,5,1989
EhHGdiSZPOsyLtsBZHfP,cQgGnpWLcceRctPSCsOE,11,9,4,3816
YEjNeYnpLIJkczGhKOpW,VolMbiyTzujOjFCFascy,2,1,0,1414
HWzQbvBENifqBwXSFHCQ,FviBrHwehCkJTuKqOWmE,1,0,4,5454
OwDZvhWomwOmGaxBckxG,CvpmokQHJxnDvOdeKKhO,17,2,5,8880
HNPwWmtmXqJqPOJKGxwd,OoQpmmwDBFWQBrqzqgVn,12,9,5,5694
nxPSboYCeDtchNvrFvgB,slorGmNuiKnPVYjaFtqB,4,1,3,7221
zisvnBYfGRstXNpzilpU,mvPEFBrHtdmTnCEqffer,2,1,2,5372
DMlglTEGxFzMpGQQfShP,mhdJhKDVJlKOFUACpbYs,2,9,2,1092
LBPZlXTMrAGgIDLQBBaK,PGCilClTSEtnmcwTgeWc,14,0,1,9565
DcmqysydZJITuBhOUYus,yVXWCpxzFbZZQmnHmyAi,5,0,3,4507
OZyzZZMpXqEliYKXGFSj,RiLjuHHDbirHIJUUcaBY,8,0,3,713
HiHTCZeYrpidOQalCFAk,GhNERyZdaDkMIPAldNwx,2,2,7,8400
eESBIeQLOeCbvMOvuuEv,DuvhvcsalmgzCvaAgaDN,3,9,6,7930
ManjpFETJmnBkifQmOXY,fLGaWcoQXswWgUoLQrVK,4,9,3,119
XhzqdENsGTqXCDNxJJIw,LrJIRVMCqbKvRkZiSJFo,18,1,8,7717
oXxDOJDzbusgsnqzNWlT,iXfLAGgkOmdPFfvRVgjb,14,2,1,6649
MtqiddFPvWGZHmiTDnna,JgtKdFAtczqJGvLjwQdt,12,0,3,8978
KSbJAHKYsOyMaqXQghzD,FqxmIrilkyEMWqzdSVPG,14,9,7,2444
pzTgLLCnzqVbRwFHjvkq,PftAcihojHVdfCiLRRWE,2,0,7,1534
gyGWKWYJTIRckSPYgOXC,AUtGiuTbGrXnVuGTyrdi,11,1,1,6211
tURXEApeeEaaKHXeQUev,FtnAUbONGodqlbzNCvEz,3,9,4,1311
WtiafGgMDhiknaFEBtRm,plnmartdoobuHpoeyZLO,11,2,6,7658
rhSSiigBiEbjmPrTMUqX,JHAjavnOElaDGMGPMahG,4,1,3,587
rqVhSVFTWFtGCjMwgFVt,VrvjYGlOsKUlFWPpSNtQ,11,2,1,8492
CpLySvnylWOdbfXhfhLH,yetmMVxAysrEVWOzzCWf,17,0,6,2396
UuiPEenWpIXsCMScOXVV,sHhswBnmpuWKNdarZkzl,5,0,5,7277
eTrBNhOjAFBnxXhedroz,vTvxFXngILWqsDdKwYYO,10,2,2,4488
zjmyqPWbuPLFxKoFKfrL,yZEHmEdNZfiiyWIKyyfJ,2,2,2,2978
SyJsjJkrWjipDqeulPEq,KKgfvtYCjSfVGpOxOocX,18,9,1,8340
IVVUdbRvvxQYTFEZymvN,hSkcFTkdQBoIdRfGEdyb,6,0,7,4780
ajVRgKjLPwpKgiUNUfOX,kaAEHZaMCOHfLodcMiHg,18,1,5,3086
JXXQzvikWDlAxfjehhNY,tOWRkKoCIaOTFrsHGGcB,14,1,5,2694
QkAoKIqhTfGkIxuhDvya,zNbYYyTEEdnXVNpGoLiz,9,0,6,3514
YhLvYEerfavbYldLXVsj,zkHqTqGzzFCyTPwYFxUy,1,9,7,6912
KBVTsFngEetfCAPNHhss,VIsAoiQEOJBFgyVFGBMd,9,0,0,5517
sSkhYcbtjOHTdRSSFlbX,WMJcAUPbLOQHsmWKmIci,3,2,4,9800
QdSLyYnWnoamVXZOGBKp,RBWRjHhXngdqivoqaolc,5,0,7,9149
PPEqZTetcLTvnUKBkCNv,UeElJvJWcPSsoTlFzKpe,17,2,5,2837
VUdkqjZtOzSPanXudPoG,zDTVWYTZuMHKfsVojLyT,4,0,1,7575
ijeIZAROSnHKVRwXEuLJ,QTpsSnzzRHuasPRguxIO,16,1,3,5407
atzJmnZylCCGaKfdnrsJ,DemHQzBlrOxSVWFugkSN,12,0,1,9396
ejEjmStqznriFmBlmwbL,rLKHWemIVQgBbfzFMTkV,13,9,8,8560
NzgBPsqPFfGxlEiWBKGy,LSUQLWhzdLlVSbSbZNeQ,2,2,5,2634
fYmwDiVOFngSmqYgDbeW,NBeASCLvXARuRjuEydEr,7,0,2,3808
mjMMMhGaeLsAfDeYkgTI,AeDUkcZNyjJLELaShKdU,14,1,5,802
lwGTXMRhEZxeZZWDraWD,mFVegWHVbxiziXvXlVIn,11,1,6,2680
bGUfSwhtQwxvckzrvvZM,qTfrXuUdjJYeIVvvGAON,11,0,4,7461
QGlRerbHZJXqFlXYteyp,rSmqllpHdCKGIRkUNmhx,10,1,1,8414
xAnKqVqQNlScapHATwyg,nfDBgSsnnyZtdgAwsUBC,11,2,5,1103
FvQzPulpQxDReiabuJNo,UjVmYhupLNdzItZagnLY,10,9,8,5046
ExzTKDNTHbdaHOxLHprm,iXUPRYNfrePslPjhsldm,10,1,1,3541
MCLQJFmwGoxgHYOrIkIo,XJFyeBqrjfmTlSdXUykx,13,2,6,7177
NnqQTXFZmMpTciMHuDXy,baKdwwMxshfWAGDEkQEk,9,9,7,6426
zHnBQKAWrYUpAkryVlLD,ilROZeEOjVnDRoKMvrJB,5,2,7,2704
bmsykeZqnMmSOYapFwTn,IuLqPUidGNSYYMhRRsPa,6,9,5,6190
dRdscRakmtXpMUVAclFI,qUSJXDmxQPhwUgXYzAzN,4,2,6,6123
yMlSXaEWhtSjVhJvlNXa,tbBHlwuaLQqweFYgAeCh,9,2,1,6075
OaxEeuoJDoLOdWvaoQzD,CzhpJKnFPObDlLnZVTFE,2,2,2,6867
RQYAZnZYFpHKnKCvQnqx,ELCtzwqenJfdQGomzcCc,2,2,2,3936
qFlebJLEeSDUKoYpuQEZ,CzTCVQqSIEQMLXdNqHbU,8,1,6,9226
toSqGcHQMDqHOIivDwqv,bpETBDCaEXfAboxdyPgW,1,1,4,6309
lKtKGpXsOBnoSmyfkeAb,KoVCQPmlEfUwyOSPzVAj,4,0,4,6300
dRMZIPBHOICNvwIHhivf,UdtagDnnYBpfNELaWxIv,2,0,1,4255
HLSfqnNuSKNhlMvnZWSX,GixQIgrLMNyFyykJGPnR,15,2,8,6458
SMlzEGxBhSIXjfiTiUMh,pSVKWGDDwFtnAYQiLJVv,6,0,8,933
migqyPlPzIBMpMgqoFSJ,kdpsWuaJmTbWrSxtCKhl,12,0,0,8807
hecTWEylAdkWvXfCoQiv,AKJyOgxGEBTiOzJMbyYb,16,1,1,3190
sYDgQfYTsSltAhMKexpf,BuBCTJmVTDdYAgNmcywz,13,2,5,2181
TWiXJDpSwXtfwowaQRJN,hievylDmhClnLtIbOkup,14,1,5,6663
eXqoOFykzVfcrDUGPmni,ItwMaxKOaAcTBDgivySb,3,0,8,2897
tmgIhBXHWFqOozAJEtxu,DvyZiZbDxlSpKnFvbqve,1,2,6,1911
eRykuwmXNfYZMQMvzVBG,SqfYGJmhriGzziBvotcC,9,0,3,7060
egUZMgCtHBJhYswUBRgY,UAeMnuzOSVehlvIoROUU,11,2,6,3438
eQxPzPFoNlLkxzxhrGdg,MpnsZQLOsYXpsNjKFEfB,15,1,4,7011
kGXlAqKqNRlrTXDzXOiD,hXZZtuAJTgGHueNIwQbc,17,0,8,9513
vmVOZCKoyNrkoWyaxxSY,JIdkuHLmJPPHYXbRRQIL,15,9,6,146
hPOXjVRQjakpvIgoOOoo,pvWDjiBwpuoHTLeZKxUj,4,9,7,9403
jLKKtiyHHBrEupMADjrV,jLSQawuEASQEyuHzaXfC,8,2,0,8826
ftVfInLLbadfqaYuSrTa,lHIrKjPJHFDaVsOjmWxl,7,9,0,6661
jmxYtDPnCTOSCUeiVQRI,AMjfheSLxtbRBFXTpZrb,8,2,2,3775
WvzQxcXokqvEePLEOGEn,bNyfetFPUzYrquwPVwSK,16,2,0,1729
jBrJKSgmDAedQaaswuMQ,mdDLQoglUkrNNZbRfWyj,2,2,7,6738
qnsUxDttywlFbEdTNgyY,UvcYeDTwxmGXNwvSenEj,11,1,8,6747
jGNSeFDOePFuchUHFDTR,JORHwrrLSglAVwACIDJr,2,0,7,2557
lULxhbeSNbjnjVPZgqis,dUZPYIkUaYnKuULYJDce,15,9,4,5579
KhJKRYTHySYqUsSJvsRZ,CffvsdYyveitYmhLVTiF,8,0,0,4789
HJmyXWImEPMTDfxoQUWh,DkRwTiFWtSJhtquyMMAy,17,0,0,6135
JBIYbqLmzOilrTboRRVS,OmlQOaAQWJcGWuAkSyJC,4,9,5,228
JlfKAzayBXewyLyaqmHf,MPElCBgYVGSdahwXVCdT,1,9,0,3698
uYyguOFdNfIPyRsaKnpO,pQWrOrGVbMGQNrExqOVH,15,2,1,9615
aDoHlTZcmaYvqinofqzl,oLRAXiQOmhbeZqVZzrhs,11,2,3,8165
DtiMhCppRLggWfeumMDl,CHbnUKpunJKIGvNCvBnH,18,2,1,3670
GfnOvCtEucKwvVBgvOVW,glofzoyNcPQZAOqMByQf,13,0,2,1301
RBlXbjGWArNoPBPqpKuc,EWYpJWRLiZycnAuTaVlp,14,1,4,9684
PYAgAbFgFVYIIXqRrcgD,KpPPMWZvfrUkslKfErAi,1,9,4,5133
wGwmkizARhoFhZRxhdci,vSLomKhZLcwAnDIcxMvz,9,9,7,6976
gfcugozOyMFdgARWPJsE,VXVPuxLOoFfWdbINyzjN,7,9,1,8268
nYyhmGIekCqznDAeIlvq,UyuerGenkQIZcSsjbavi,15,9,2,3725
PopguwScxEsuiEcnWjoT,BdbjxuvZyUuKLfvfRWtS,3,1,0,7055
GNOOhVbCWLtmaztRpbBJ,UVEVMkpftLSashRKGPoY,10,1,0,2791
vquzrTwnJqlGsvOUqZuA,QnGSzUonUzTbWIiiNzCy,16,9,2,4332
CxMuINEhMGQtkscMmvUC,riuLbFPbxFZjrFSklcxF,13,9,8,6073
UPWcuszIPQbFxLGHRccy,AKPaNyoEMsHaOgXUplEl,7,0,5,6256
zIKLoQvMzZlaIxENKWyC,QdgdnZckpkaRnemJpYMk,13,0,8,5319
YMtIwlHgdebstOjhBGjx,VaHtcwMuFJmpRGGlmNaM,10,2,5,702
ornaeEgJXSIXRlmtyGFs,NaVcEzHODjpDVfXdiZoF,3,0,6,2444
EkOhvMTOmYLCpsCDsVHF,FGuJgCFkfzpnIpZzcSgV,7,2,0,4113
eYSJOniJlDUNqyXzwhmm,gZkrYCEhnyuCaclLIHbD,6,2,4,6042
FfYQYMmeBoDzDoaroITh,PZFbZElraNjcQVNGNkCg,5,0,0,823
pLTgNrXWxhBnRMydCmoy,AAYFisuhLenzsVGIBUJQ,12,2,0,159
xybaibfzppkCzilXfXOH,pRDgpXqlQBNRyKzjoAtj,11,0,5,947
VxiDGEiwsCVQKDtfgXop,nbQebzbRolVngHZgKzSk,6,2,7,7075
LFtUAOWrdEhvfRhDsAok,hqEERNZzDnkTrDKEiRCr,9,9,7,8330
NZiyWzmovJdetPhVZWse,IjfvsINBNpvyAxcNClXJ,6,0,6,4084
AZCsYzFOBjidivJYNVOy,nrUZunHKIImqaLlzcJtR,3,9,3,6254
gbGrFqhLFQWhOYTYyFxF,GhbEpmCpIEPorQEswauR,17,1,7,8929
mZCZwiDMPJRsQvQwEDwf,DFjkywpltEIKjPEpVIwH,15,1,4,2734
VWMbFIVceqnlyEiWYmRo,epyMAagMEtWfIcHirzmQ,3,0,7,1265
OVYRASQEBhkgGnnleUbW,ZyhtKpIyDssAZwjcxZJz,5,9,1,7060
vGLfGecnnDivobJLmYUM,nlCxKOUWLKyuAfXrCqYT,5,9,7,2760
iOoDzZDwTZXQFDquHaxx,poTibOfyFnnSJirCnoia,16,2,5,7463
llXYbjBnyzSyQBloYLcS,RxiWLUayRFxfeMHwEluh,1,0,5,4248
mBoBJnUnWucpTiWgYChb,CJNhHBUSonQgpLGdShzb,4,0,3,4430
kEmQTsPvomznFdWdeokP,fXFqQWKAeisxBdBMwVLm,18,9,8,8394
DBJMNNbLYRtmltRYdOqd,bufUyijAypFJasloWzXc,6,1,3,666
fAaVWQKIWIqFIdbhbcMQ,tsLdmzROZUWAsdjTuvWg,11,9,4,4316
nFaxjnLbGqRYhtsbefQQ,JZbmFlrhhYKYIUEcpruv,15,9,0,1851
eeWnIaPNDiDDctwNvGua,jzTjMoQaMIGyRwfYlgWr,11,1,3,6464
hSeDyDwMLZnxqeSKzcKA,YRxZgKVWSKOaAhSalqgm,13,2,2,4333
RLsJVjFIUGUHTjmqanPJ,wnUMscPweiGwtTRViTyH,17,2,2,2773
xwcPIPPGfKcJufXaNkYI,rwXXxvYZPMRrJYPyJJjK,4,2,5,3685
ZIdvPHYPsuOisDhjqylf,hZjOtBwUHkSvSmZfLOVf,4,9,7,3509
LDiwJxfVpNHhDKXRUOQd,dfOzqHlqAegBWvQRcLop,17,9,7,6570
sdShQdrQHrslgsmWAXCu,PxEeSyHhmOfuqvIkqLgy,7,1,3,4883
woBXZlOxmpaZJzVCtcXX,dWwnuDaKpgzkgksGQClq,16,2,4,9224
MPJRECpRtOYNsybXVLiH,cRpdIupIKHjlAOiLnENU,1,2,4,9090
kUlTsEGeJqRhBuXpyfHU,FzRUQjVqykquHVUvdLIc,8,0,6,9350
LoQoLIyleBUHfBpCMEwU,CFHBopRnPLWEhvIByIdQ,1,2,7,1813
GdMREMChozvuHXwsnGax,pSwBAYtHuVdPNTrTiRde,15,9,4,3423
BXWaBfFKinksEuQSdfau,jCERyiNEqDiTtICquBEG,6,1,5,6555
IXYnhHfWmSNhhEjXqDEA,VClBhORrSZHqdWstfWrS,6,2,6,5842
kReXwbYJbGVLJdfweZSs,CFnVMtTAQpWMGuCWNjDV,18,0,2,9775
EcTZBwNKSIuffMFeGUxP,TkIVrUvSxTBwMUABKiMx,12,9,4,3977
jvSqwLjPhXqKyWfDIJFZ,XkfxIDMIcALRtpKUIuSS,1,0,2,8668
CdygXHVFguAhnUeBIbMy,CSdDCcARMjQuZoqJqkQx,2,9,5,6184
osMAZvdSHGFhKOqAsVAS,OSwXxvHHuitzxHDSLcrj,10,9,1,8904
BMfgVbbidJagPNbtoNYl,skywADTrNrvbaFeFqzYE,7,2,3,2812
bXAFojVFRbPDkupTKsNv,gMbuUuNrzuJEtLiFDcNZ,6,1,1,7911
GJgYsEJceuTVsWHRqxjx,kLZDcvQYlazUfjFSIzuM,12,0,8,2295
wokmeOQTgshgFQyMGRGU,JpvlMiBAGjoZdASoMGFf,12,1,5,2694
PyejLWwRHaGUaXUGElQT,bYZNOgCdSEPRHNVbcxYA,18,2,8,665
EbYvtpSciZPtGWUPZYwm,XrOdNSuRLDwUBQRuGDdj,15,9,1,8677
suxuqkfnkfpQGJdNzCSX,XmBccLCFoKscrtannYzX,6,9,1,3524
uvCrrxZfiWxtbnivdzoG,AnNTJUecoljSQtjAQRbA,13,2,0,4561
bJwqivhwxrnCAvhRaBrh,SktDsSudxNOSGCHtXJjz,11,1,6,4449
rwKsDCBwFkpnEgtXhDsF,NKuCMhUdEzQUQigDtIel,5,1,5,8720
lTcEfNtLBXIOyGJDnWOU,luGrZmiTwthlbtcuwMoG,13,9,7,2097
XPJzVHceBeBoktoHgmnU,tccukknLTHsxRmOItNVa,16,2,1,9376
xhkYYkCXNuByNnVoBQZq,UUMYCFfggKItItrhfoib,11,2,0,8482
iwEniHqqFjXMOfXyptyX,PxWfwGBSrpbSixqkqxCz,8,2,8,3191
OKQkknwOxvPwwWGYmTqc,raTRIEcQspwCxhRvFkmZ,6,0,5,921
YHXPQoPdrTvNSikKgmzU,KgLknMbzQILsxGzbkIAh,14,1,3,6291
bZVAhPFeGgohiYCNANFK,OzEkYMNFgBGKzHHeXuTQ,6,1,8,9944
bFBAUdlqJFNKSpATsYWE,PgCatSNlZCdvatWSStBs,7,9,8,4818
xtJJDJyqCsnnAzZVqvkC,REZCxlHykjzhWJvbjiEl,14,2,6,4800
trKlmzXzgqxeENbluKSe,wWzkeflQvSyFhFbRpRdD,3,2,5,322
ktXHntKosiolZQVnmELV,TCuaVqlpcFoistVwxSmI,17,0,8,3689
RkDkXVvCouWufwXWMsqE,IiWbLeUVkSolFkWYduZv,8,2,6,2588
hfqKqvExUIHuCxCDhSci,EccrcKOXxHQvfBfpXlsw,17,0,1,232
bRfpWYHkzRgDgIlkptQe,wibGZRIobnpAWpkvpJNf,5,9,3,893
bfEFrWFloSHOQdHkJpGM,dyEjIOubYyDvJyeQVGWJ,10,2,2,6548
DUxYilFjBqcxsVKWnPeR,pzyDSTgdCIrCGXljVumV,10,0,4,6297
jgoWsyihNzAPINhrSecz,iEKDRgBrmXlfpQuSYbrs,1,9,5,2538
gbCnPxMlFGHXupzCLunU,XWTWtGbvZgVHzvjaLBuK,5,9,5,4966
nppQHWKrFwmbFBHonklA,NvGaSCKRPkoOGWsYLifw,4,2,5,1387
JnDynralswDoxvoAqDhq,mSzbRdoxEEuTpKmOlpOS,9,9,6,8675
EEcWhJuUwKZvJNnIlRNj,OHWLxaQuMwCVMWozvdDd,15,0,4,5096
IYlDJIMlgXRYlGYZOIFs,hsaPWEujTQleuZiaUOXd,9,2,8,5550
knxWvTEHwZPFKbPLkgPs,bhznPFrDQAmILlaHnGWN,13,1,7,1545
sLmxwioMMYdxYjnVvpHH,ZrIrxvdjZyposTnNvoMV,8,1,3,2316
efIhgxvdmKPvnXIJHyhk,BSBPfoSmIJdkfBDPkKOJ,17,1,7,7631
zqyOVdrLFoDMiRmPoxAY,WUqBnCyMnaOdNHMNYVFl,1,2,8,8203
rmpGHPPTcEFatEHoTAMW,JDRxhdMMWchkEcQVIhZe,17,2,5,1273
DjfvGhFQVtXlbpZwyedc,BMvNRlIJGhryurKcCJYu,8,0,6,5715
sbiKhsjixxQkFmAHixEb,EkVeLxrapfybMMgzMYuG,17,9,3,994
NZUKlwguFSPJzhugetMl,dFDXRybZRNBoljiKlkIn,2,1,5,9283
GYqtjGJTeGtwaTNpOIEE,bTFSaqgCyOiShwWEXmtP,7,9,2,554
byIdtIUDvkMnFuiOHgXe,HnTlINrfjddqlzYUQcuL,4,0,5,1934
JQuCtyXRkDvaHgMvFQeY,zdzeWuKWvCGxjQMGZanE,9,2,2,3155
vwKuomMwfadHMGVCkUQH,xsUvrHjMcziZvPoFOEgW,17,1,2,5081
PMMmiJzLlPJMboKqknoG,oFuqcOMgpqfEeFYfXwrB,14,2,0,7271
MVSOZmpiabLHSXOIDJLx,DYFpqzQNYcFsahnPxylL,17,2,4,2765
sIxgfXkPCGHKQIxaTCWg,xwLbAcKFxPZRjbrAvwzZ,13,2,2,8622
yOSvVIucgizRIyDdkqwE,sDguDdYZCToKtocIbzuB,9,0,6,5472
jllYxvwWuPdfgMOeDLJJ,EnxzzfMyCpfxoBjpDaKE,1,0,3,2411
HCByFeniGBmpLaYaGune,NbNcocDiJXvSXEgbWrvl,10,2,3,8457
zLCfqTCMywhWIbbcUdLW,GRMPIqCJiynbbjDvrusc,16,1,8,1052
wrqeUXWbYllrCmnvOfXx,kMAOGadMmQxEIHVxDsGk,6,2,2,2655
IUZYuwnhxTcOMlrLWVhu,nVmYQobtfAkhRrBWrrRQ,5,0,5,4275
gsceLcKUXKbvDKYaSLJe,jVasRrLDgjqIbsXLsqaX,8,2,0,2765
wNIzlanULZfvMioTkgvw,caWTAXJJNMtFuckAaekk,11,2,1,8704
ATjDdfxmAFYZZpFPaIiV,cHnPROIKWiSDbvIQEEnz,13,2,5,2453
bLZkpqVwunDrAoDxuTgK,bcjEqoLkbbyxbHyISFEz,15,1,1,933
CnWljuXeDiTLEvCNdUjN,ZBzDWiVOxofzcJXeUPVS,14,1,0,9301
ZAhdEMSJQBhVPvmqgTyB,xWgZVbHvKseVrqGNPpHT,4,9,6,6898
rQmJvrPnuQYRgKUQPRcl,DvSTEsfcoEYsmxFqpEwC,18,1,2,5145
ksmTewzmmRqKUgntNKKI,mlMtMsGLrbmlhUjtIubv,11,1,5,5961
aqmHuyepcvccWbGhgmYv,bLfwlKIBZSkZvjCZsCzq,16,2,7,6624
nZOZsxMshvMLkhFyUBwh,oLxzIJgMepmQzlaHXGoo,3,9,8,8094
YdrKzgZkNgkQBnLzslsj,qFmZWjAqWTGsqwVAjvVc,13,2,0,7239
JgkbACrdDHFGankUiCnS,LPKxsdmZByJUHQlQiEhC,13,1,3,356
drBWDwGsaohXrPTQWinn,jwNmRXBkftsuQSQEAGtG,9,2,4,5340
jgAdjhTyDSQHZrcgibvq,pBiYLtjKduZZyuhKWKHw,15,0,0,6935
WvwMisTcXRKLfpEzLjcY,EUQdZvAHyddKpoeFoxrJ,3,1,3,7616
neGkTqraaaHHAZdVxCCe,aAMgDYPaOPFGbSbfjzQL,5,9,2,3886
vRgWtCvYMBtHpVdSXLPo,XZHWzbTFXOzEsToefvYr,15,0,6,7660
judofXPFqjzwXNvTzZgZ,EDDJfvYBBJaDfFuIoDDh,11,1,0,8342
uVjCVSuaFplgzxRVPUgY,WvhZDRXZNPbJaaHRSlyx,18,2,6,2303
TnFOEsCleLrSOkkFEPIM,zSyPmSDMPTBclEliTTre,12,2,1,4831
GYeEUBeAFVwhpfaHroQK,XEEFNhfyxNEJOWdGVWPi,4,9,5,6618
XXbCpDONpcfWgXqQrCmp,gvvmfNoTPZwQpegzFTtF,16,9,2,1740
wzhajFgBeaZjCOTIWPZs,apWnuyELUnQGycWSRcoq,16,2,3,5864
NJMEmKCrEUIpjVbNRHiJ,aLLxDEhWBDpknCYPhuvb,7,9,5,2348
pCOswhFSpAYbCYMLnxGp,GubNlWWrfeBQEgVhYHhZ,17,0,8,8196
wlRsiNEPfBPZbwBZFKmv,UGJHUuNtxmDmYBlcDnTt,17,1,2,6166
QACyLrWnsjpJkulDPRgB,CYWiQsqzqWPVoBAhCluy,2,1,1,3689
bfBDhZwyFPYYJNnkgPpV,JoudCDecScOAycikSsjP,15,2,5,8329
raEjAMrmVRWqYjoGbPTj,vvUicVjsDnXqnZoWlFPK,2,1,0,1616
GrCVgcFmpPcnwAWkJwPU,IjjepwxFTfOFLGEehlkz,6,9,6,6083
NvNLxbUUBgWFSJUKZHNP,JGeprpEBHoLnnLeCDxMs,1,1,8,6130
uoKDDcFrMRZKEmcvNWgQ,FSHKoLrxTTVFbSCsccWk,7,2,2,7820
ckUtiDFSxLxOFCbTywku,joVeFukfgJznVjzdiBNC,13,2,4,8868
dWWZTWlmxDueOrJcqADb,qjyxrylNIdpwCXLJoegj,3,0,8,9194
WAOLVUUnVEnvdoycfGiq,BvVtaurcbvQQwitooMqt,12,0,1,7946
DwZjGWuaRIClzkNSsOWg,oaXmDRVsyhgUUKYWNTrb,3,2,6,9001
OhfJUpOJOdlKXPgGaZlq,voEzGrlCwyTqfMnzeNWN,18,0,0,523
QjqRCTIZPpUOnKyxXnXJ,IHtIBvPNOJYzAiaxNmmh,15,1,8,5226
GrSskVNPwPDEsYsqabNf,ERxhQhxHstcexCteLkuX,14,1,2,6486
TVIdpquxyOJPtMytNrDA,EJzBiZjTlFMntqdXjyNB,14,2,0,6415
QrpicBXLQxomlVtPiqMr,kycpNdDVdgkaqzVfwNbZ,2,2,7,1417
SwUKGPckTbaCzoGnJkZJ,LXMAsdBNAhvSzYeTCaOR,3,0,7,6311
hYqgiailEkXKbytfCSdX,HodYhwugGSjlIodqOICg,1,2,8,6862
kjlQVVUEgPHHOJnJzflm,VHNFTWCZgTRKBWBQzerS,9,9,7,3478
pwsKiunWddwsnwptEgeW,BEhNVhvCTDsaItjxlWMO,3,0,1,6637
xodRNXVPiIMWusJTDTQN,nWNmZjWPCIrmpGocKddB,5,9,5,7364
mdNrKWrGYlFwoPNOjIzV,YMxJjgGcChRFLBXuTywF,1,2,6,8318
UYCnZLtWVxPobyVqKmJM,EDlfgwRlOBjCqGcFXvKu,17,1,1,6780
emabqwROCwbTsqguloWf,sXxndSYMQjizEfJOjTYS,18,0,7,8485
IXvvBRmnEGrQwYIBSRiA,THaKEGyhGBlaDyMMHJVt,14,0,0,1664
LMojCpTacAHdRRlAzDqy,AoGgOxPuUfXpVVAgFYLG,1,9,1,2267
QIsVzjcKZuWFyekmTpJm,dEALkdbVQSNcAPMnetyE,5,2,4,2066
uqVZgGCfdoEQpfiBHXSa,BnAHIWeAJcdABQFMGbWe,12,1,1,7418
fwNRFhYvkcxiWIekakyd,nIjtbPHTsYjAXIXItRMU,15,9,4,7663
XeCKadlyCVSGrDkllkJa,qqZGlGHPkyAvQfzKCuke,18,2,7,9787
UglKoWPjGdxCGlqKAxRu,KKZloYQmvpyVspMCruII,8,9,5,7719
goLzrYWPlPrOWVeDjcOk,PpbXqSogrUnJICyLxSKM,8,9,4,4707
VHQwvgGLZMybfPGBZovg,lZYgzrfZUhiKQYIOrbUb,2,1,4,4540
SWtQlIUAxssDypYfjKev,lcwHEdbFJpCJWIdZoODx,2,0,5,9728
oArlJaygTILnWyEpAAeg,ybOcFOClTwKFcfRocRmF,3,1,7,145
fOGfJvZMuHkhmfqlxDFh,msOQhzDboGxwRcwfNFco,7,1,7,9340
AYWtclKdImNnssflTwuZ,zzFscRWSbrsUCeGWcoIw,16,1,4,7768
rKXKghEBOrcyodWKqzEm,miWwlNPOczasfidnQGtZ,3,0,3,7709
REhyPUtUjhNRMdWBmIeV,WTaSbxkyqsunOrBFfMUR,15,1,7,9515
AqsMRDKMknSVPzkcVueE,JEcvvWVcwzBRkSVGOETq,4,9,6,5443
cyklnWVXhtUkspXCErIQ,GbWDOyfAxauUkhivpJwS,8,2,1,8751
SFyiYOlRQmlPFcBoVVJG,FGmOjAaRCBFtZADbSePd,6,2,6,4923
DiANJyRZLDdFvwKuJIGI,TRGgXKQgqpCSdyloSpKd,13,2,2,3237
KNmycPsLkpMUFPazBOZh,HzHPqsdYpsgJWfRUiEyW,16,9,1,8680
QAfGbvxpVgdqXOhcKilQ,cXdweSMJcAAtfQuAgJTb,6,1,1,7002
KXoIziIRPmRQTUVlicuu,mTSrZXNkRFmUTUVifzhC,11,0,0,6095
KSOgCNxXWCRXaQsnJHcd,UNbfMtTpvFmTZJlfZTXf,5,1,0,1712
CjiuStRjGfXPaEEFFhXc,aoPVwTiApiUmDwoYzXsp,4,9,4,550
MvlqmkmABmcJvpzokgCU,UHxCbXDWpFzGlACmhYTs,12,0,0,2352
TRjmNQYtWRxYXoDWGrbC,DQPMmBgsGnLzGmsSksUr,6,1,6,8150
ZNqyZUYnpFigXKjhqhos,UQRLWSutRNzIUKmMOsll,17,9,8,8613
RBPRtxRWufhDhRHBbEYA,dKqdrdLGVMlIrvuDJVvA,18,2,0,9313
RwiRGmnpuEGHvfHnlpQa,UgpkYMSeRMVMQAjjfMBH,4,2,7,880
MHbWulXYFFUmHNvooruD,DNHaeiaZFCJvNFCTiWvL,18,0,8,3100
oAXvLLyEyHlTrNZEcEyw,LuqaJsRNPtrQMYFimybP,10,2,4,9797
HeywrTYOEhTbPqLOHSGu,GYxEIqeDHIFNGVDIlTmB,13,1,2,1714
nneNbQOfKyJrfboEiXKg,IhjGDhNnBjskCxeTYfmP,15,0,1,9126
AaAeQRYnAioPKPrRlPyz,oNYhTVHuFJVfjbanzRqh,16,1,1,4748
pKkilTTOYsiFdRHWssrB,FSXnsroXXjbJgdDhIuBp,12,0,8,2647
XKlzdcBxruucnwEBLtKT,FINnNJGbzvheiflfwXCw,7,9,7,6953
hAMWyTVPTngmGfGqgykO,zCwMOIsLzBrJAJRtDsoG,14,1,7,5942
JvlNzmKVKvmPfbjrgdxA,aTkijWflZdGaCZEkwFBv,7,0,4,1314
ROUaSQDDrRtbWeXFRnrE,DzrrgIWXNEOrWFdcybYa,11,2,1,9691
kpQiCcHeBAkhXtYURzoy,EOHYOvuhyMmywkRWlZQz,2,1,3,9539
ZWSdDjxscIREOerCdYTz,qgYKHDMxTiWAAlwfHQql,6,9,0,9637
MtUOWCwUtMnkFQGmhZTM,BbBAasDFGbYRZPqfbJAG,3,2,5,986
yLcUHEEoUUKmTaxQXCbl,jetsVvCucmLqREFwCSYg,5,1,1,8539
WShxuTcYqIexVptjDVis,mZQpOVsdkMXuIzfBoWzd,2,9,2,8144
xlXlgiGLRhxACFWJabHU,kIsBFKAyEwEcrNTekWiy,14,2,1,4183
rLyWBhHhWxPYQbcHgEeq,gSyRBEbexlQMOZuihsKf,17,9,1,9300
QqlHPNhwsEjBncnsLhPt,QVCoTUTChBzhgDLVlHhM,7,0,3,7778
RAkEsOVrDtKsqEgoGCUe,mgJCvyhozntgIxiLiZyD,12,2,3,4299
xrKEGYuSwTLkpAmKMuUJ,xENtRvenuIdNlerSGFfy,3,1,7,5489
kROWhhtdrQzloyElsmdr,WriDdGxFkCoDFzBhPBGs,5,0,3,8713
yuzYzYPAcXjlCJMutrpv,lCYdeUxHhOHPcqXNztqw,14,0,1,2136
imrNwDsoLNtNFNzjCInD,KsWVymGESjrOgyqnEQPL,1,2,1,3912
aYAnDjBqLQHqfxgYuRmi,CJxZItMLulaPzNaHUnkX,6,0,2,421
GFPzoFMTLPhYwZvvFuNn,ofNXjgpKQeTRhcAMwAfN,10,2,4,9314
fqKszMzwDbVuJcopGIOI,VcmcUvQQZRKLmknHRsMv,10,0,1,610
mkJpDZAQuoNfdksjjkhn,qNlvTSNtcKcONJyfsoqS,13,1,5,7403
hXwHuEHEjhAfFKwYDTcP,QglJOVKmGOUVfiUVJvHZ,12,2,8,3559
JoLAbxUWbLKjwcCuuaLG,WpafUUuFjFqhQnZxtLtz,16,9,0,3300
pLlwBCgZHOlOEitasjhs,yOzzglpKiwPgprdsBmIq,14,2,2,746
thfjJXEPzGIlPwfoyTDd,GdMlgeVSiMONzGuXrRvJ,5,0,8,9320
ydpaBTFRNNToASaWviTA,BQvTifQhYXerZxySoIGN,10,2,5,6542
DqGPwqOtWyFUVQxETyKd,mjCztrgWJxIBTtOyJHZL,4,0,5,8820
VwxGtgItAIKsgrNejmeM,DzxiRzeUbMhulrltHqIz,6,2,7,9560
QVPqzHZFCkpkSNEkdEef,YbnczPJmdGZVKUhRKDKT,1,2,0,6758
GmCPZLwysaSRVsZhXsmV,sLvygvXGekXjonJeSExr,11,0,0,6555
qKXJfDTDLsWEGzRSDDyy,ZDFKuSnOlvPsJCkebAEz,10,2,2,4342
WAOJBqMENwjdXMhpwcTh,ZSoYlHTIbHMunGtPlxfH,16,1,5,6925
TxUhBdqiIOSvSqdLKaNq,GZUayckeNBhGaTmIvkFC,3,9,6,1197
mwuGwhXOKvKoGGSmBjaE,CQBYrCoQmZGAKbroARKi,13,0,0,3324
XUakfmzVrhgeDESSlxMz,cnugUbkbVhoDgWJCiXiK,2,2,1,5757
qvavHTjKKasJZwWuHexa,NYxajqDNhGSZgjbttiXe,13,1,3,3645
nmzXqdhxcaYoTAGYQvDQ,qPLisYJzcodCBlomYjnV,18,0,5,7379
zQTKFQpCTigskQxGiGvk,qfxuCeTmUjMaBosNhbJp,15,2,5,7847
AnrYLItobvJVsEAbIZes,lskoEaceLlKkZKflrtlw,2,2,3,3790
TUCGeYsWSdwLXlWBeJet,CzVOtsEUCqwTieTMUYJr,16,0,2,8351
zyPPEOFiXjherxtFJuia,YmdsugqeUytGylijJknn,15,2,3,3266
NpWIAupfOEDmHrBzGGnu,QlaQVpVxScrSKApDYtWt,5,1,5,6867
pNMREsQLeviwdjxgEWwZ,qDEAhMDbbRIQHNrwwDkY,11,2,4,8599
hTmmaElxOEpquMDeIQzc,aOyRvAXJBZyQrfeyFElm,3,2,5,8666
AAeRTxdlpajhTVvWBSJu,QvyvAxaxfNzagKAnjnSv,4,2,6,2823
NFjQSQbIcMotAMQuJFZe,ZeoACKfidhfOEOzvmGcj,1,1,3,3630
TpzPFnqgrlBKUDSkdfuc,pyWuPzPyLnmoJralgcta,6,1,4,5639
ajAgoGkWvMdxtyvKFGyw,EivVtCKKhYGgDFwOXdce,3,1,8,249
XlwnTkVXzATUcFZhUbyC,AXHkySRSaiCGJuMKVYTP,7,2,2,3243
vVpZkQcohdVkNurXeEzw,bNtXnHOYtxcbcCRcyBfx,13,0,5,9317
JvtFkOHWwCwLoxZKcTvl,CKyvjHJkMZMBNmvnCfuU,6,9,1,1854
AMlHdGfMJeFoKqvYFfJO,sOjtZaPDrLGZcxRtoikv,11,2,3,8877
KjbDUrrOBlyZiBqGmBKl,zHqXUzRAGssiRgOZhOmM,11,1,1,327
horqQbHRrrECARJkfngC,vupxJGzIgMzEEnuxQFDS,8,2,6,9123
FJJuIkGqncrWFdeHEJPP,eruUVAaRJRUWuKeKavzs,7,0,5,769
NrYLDJZDiUQVWSJedLFw,PZLBUaOTxMPPbGGwjlby,18,0,8,7788
oYPLhsqvTjPpuWPfqlXm,FRbUqdihWlYhRzqSOaOn,2,0,5,8081
paHyoOyGivniDpmOTjfX,ApaKkMZtFaODJKldpCWy,8,1,5,5930
oTBiBISVhlcVwqUMBJcm,FTPXSZbcRQQpLqRtipWY,2,1,8,7994
uTVMIPXuqVJXVvmQARpu,jyTariJyAgHjXpnDSdyG,3,9,1,2358
jEofPFfojfICbGKKAlMO,pNpzILXtLlahnfRawzJx,12,1,2,5868
hRdQFMOTHnFpiBuBXOEB,UjwBgrcCEikagmVrxvBE,12,2,2,2089
zEAgHHfjMEZjkfMcEWTC,tuLtRdvFsmAaVLieNmfb,10,0,5,702
PFVPlqdBMJkyhYyaCdJG,grkimLHSGbRbmwdLCIVk,2,1,5,4464
zIzvKAEsDuOdkYlbpPLt,nQeHbjCnkZEalHBIIbhI,14,1,5,7077
hkiOZWIejapjmUTYpjYO,vjBFfpOHBAXBlArzSXLQ,1,2,4,5500
LopQAwFerBjTqmwnYuUV,DYOnxrVDTvoBHLOygDRF,17,0,5,1029
AVgQgNOctUWKdnYGcaQw,VTXYxTdYroAjycloLnhM,11,1,0,3554
VhapoNfvsaSkEacztTFE,zkZAwIntppAJcWAvSGIn,15,1,2,5640
BsPqabvlXqmnxVeVwhtr,MSvEzzxWIbOHiKfIHeoY,7,2,1,4764
zmdmmycrJXejwwYzPjAE,TUfzlDLBGolCubTHfVaK,14,0,0,6412
NCWTORttAflHzeCHRJgd,nhsYHfKdSVZmtVgpcQGZ,14,1,8,8586
SNhzMpGjGQTTibUnKoJN,QVdSbvWJTXnExLIvRNRK,6,2,8,7337
dgSGnDhIzOSYWGTWimqd,hRQlvZrUXfXJWaATDrlz,13,2,8,793
OlyiajBiTMFyFARLqtdx,ynUrcihfhzpJeSnrvomD,10,9,2,9426
cMADYFnXzIIEsuDOOcUW,laCtWCOkaDhbhpIdLAnQ,18,1,0,6714
BOCioBwlnYlLvjmoPGuo,oClNeJansKpJmYqzWtdY,2,2,3,4886
mAdPXxVeGiUbVHhdsWqI,PLhtCfHkZOOqGHAtzctC,2,1,8,2806
ZVGERIBLbXusclbWAmRO,BUMvqYIwTsZdagNXiuoB,2,0,7,8702
NgBIHZxnddopuROSYtMl,HwplaOCYmdmnjHYuMOiE,3,9,7,3589
JeBWcBsCfwrBZOTwDkod,BrNTnGFOpisApKQjXeVP,17,1,8,508
bwPJpAbdNMWXMGgDCPmR,YRFBwsAglZGHlaCmsSxu,10,0,7,4857
qaCvQPdHqSfnSCVFZVbs,siIqHJapmSAqcDKSpMxR,13,9,7,5429
QkJBOwFYjMGrKoFxibQs,bIhrTiEsQzIciliJrlAy,16,0,4,6421
gogcVSLiUNkgnxMblyRD,hGnLliTGCiemAiwlWMjo,18,2,4,6333
redLcsuqdRDXUqgTESxO,dmpFwriOtaLtohBQRDOt,15,1,2,1636
GwpNzswDXCNzJBKBjYUm,yfqVLhtHUNmSAeQylcEE,7,1,2,987
dGHRismgUkhWFRMKNdfN,LHXIEgBxnZyAtFFNlLgl,10,0,0,1532
oKxtZcfHSDyOVvEFqTlB,oVhwQHXtUOCycReYvHrA,15,1,3,6988
tvlNsTXdipjXRUcXuhbg,ZXqSWVKvftaaFofpkfAu,13,0,0,2434
sejpHkGEmCdPJLnDkSeG,HDkRlrxmQopfSFDfVSqc,3,0,2,6173
tBgufdpZEOrGkMacBUNC,ryfKplqtKwNmwBSdYsig,2,1,5,6952
PyQbPUEHYpmzxXUhzgZj,vvvuxaGRAvHBGsrEcMBv,5,0,0,5052
iXIJdbjoNFIcVRhXQxcr,EmCxQBWdTQFvhxoeqtYX,2,2,6,713
wtixAlzkuDXpTcjXUZLu,CikHaxDKCIpNEMbtUXDM,12,2,1,3811
CgbdbCTCgYCtgqfOqFks,CkienbtQJLGlTaXMkbpn,8,9,4,3948
VWhyFrvfFvlkdktpIgZm,FeLFCvYUjlZRktSyovIT,5,9,7,2357
rFQDSloxtqpyxqLdskKp,DbREQUctlZeyxRoeDSHL,1,0,8,3885
JXGnyJtVIKlvFFgMetpg,SgzoKsokVAJlAgKuBtBt,3,2,0,2099
AGgHWImrGUwHenBFZbJz,xVJmPhpzzTJHBwjCaoDO,10,0,2,4389
vBjSCBLwBWGfvkHzEldC,xsYZsrBxwYEQwLKNwPSb,13,0,3,6818
mYEpTWzlpZNzWlNPDvcd,sHBWOWYKNiFoGFVeSeNT,5,2,1,3509
DtRQfWRraqewVGSijvJF,tnrGsVqDlEcRfYOIOMYu,6,0,3,8385
TvAQANqaZUjIwaOLtbjL,rljMzzhUjfxmsdiCfrps,16,0,4,384
naPyGLcVnmQmRAXsrioE,eXswcsUdRKtnsugBCwfP,15,1,6,8399
gffgWDkpnkhoMmvtuYXC,IAazrsiIgbnxwOfJVaXp,9,1,2,3513
IXaUmjhovqugccnZPjKi,zXbkCANcPPetaDsjDKeh,16,9,5,8708
sqkCIOKLoKNOAYuriLig,WFepLnDfVDrHKBbVfHiT,4,2,2,6510
UGEXDAzOXtwLCRyfifpf,AAGKmBBTtvQWBzfINzMM,18,1,2,567
XsOEbyDunCbyPcqyJiLw,VeOaVJHWgjNQfHFWKbAF,15,2,7,5882
vokfuizYmpbmsuciGsOj,kbSlUCHyAjqsoTUsodsE,7,9,5,7467
HVwDDDicRANRlXDhVleC,QEMpJsiAxJqwoTLKoOhA,7,9,4,7049
HRapEzWPFJYtClbqOyhg,sxtatyuYVVBvPkiFORDQ,11,2,7,3860
RBKpTCJDVpAmVxQkmHIX,QHWWVmSmABPwslZozdrs,2,1,2,1183
OySqpaBmOqlGZQOmGnnk,iuMCIjRVuaRQaFpimTjZ,15,1,0,7904
GcplwChoUDFZOucmUglV,vvhoaEGACitMDednmdas,13,0,4,5203
NHbAcRRRDjDhNhHFJmxP,qSQKhzwAzlSgGBekUjFB,10,9,3,8664
zmOUqbcSHSIRhbiuLNtf,FtpMZDdosemNqgJdPSTn,2,0,2,8658
qxANtwdVTfaqkuOLrEiH,PZnmorBEsiRJZEGnONMR,2,0,0,7058
PGYmEJnkOvdlaiOMhVLG,ZXpmQYbBURRWEFSRzwMS,8,2,3,3882
nKAMpAjUsANRWGVgaZfU,vEqiRZCnzkpommssnCWR,7,9,8,160
LQppMJzdveYmyTlOqHud,lGbWCoWHsDouAWPNyLrP,3,9,3,5280
zFDmoiYjGtGheXCOxgnn,syMyCKzZCIfLrpdwyIOl,11,2,7,8983
cKMBrWbswdTcTtYZkNoz,uJPkHxQQIVgnfTplRPNM,10,1,3,5609
jAYLesogEkiYCswzCfLV,sHiBjdqErZFOHYFeeXDt,18,9,4,7743
HvafGCBRahMfLXTkZrIG,yQtoXFnqgdCZkRIEhEZw,14,2,0,68
oXRaRMdBoXvXOoVxuReQ,bIqoyMOaYUIFQdmVjrjs,7,2,4,1516
mPVXEBoelUQprPeCmyEv,KrLpqwqejNRcBNagzStD,13,9,1,9428
mHfldQmpeBEsbskNEwmP,OAhOQmryhkAeknBtgysU,3,0,2,28
JshVdVDDQVygrskicYzj,QneEkNQvKkTrTHTwSrCd,3,9,0,2070
nuOWsitrACWkcOCWAqGh,FBxNBqOWBOMoRTfTENIr,4,9,8,4678
UpSvJnoeJVjpTQqmjXIv,DKzUtMuokvLRyKenIoLF,16,1,7,4507
LFfexxxSdoSSzAqcztVp,izblYizpBIYsdwFWEtvB,10,1,7,2612
IHNsMMsaxEzsooUSvIyQ,jfbmsHQAvhnVcasSvSuj,2,1,7,2622
WWWYADPaXFQccrRxLzxJ,LkEksVHfgFUOoHsHNEOp,12,9,1,1276
MoBdVAamHWCokKsSGQLf,sPbVKteLDSukXCmyMUgy,2,9,2,7021
lQMBMWNuObwznNFmFyzh,GMyyKnWLJOjvmZxKKlBl,14,9,2,8480
GMquaDcYAUntUGDOpJvL,eAtATNaBsfyOQhzhtWka,13,1,1,3436
zvPKNbNdsswfqEAEnMIr,TpXUsJeXiCMLrvZVEkoO,4,9,4,4208
NYAwJGHeyfJzxepjiRTR,IGqYIbQcaQPfqkPnwMxT,9,9,2,8012
bAfkqEQBnyktgUnyOUrM,FBbXgbPBZbmaCLPLitlz,12,2,3,4251
lWJACLkCGjYmiisPWFVd,jZMRVyvarHuqKQsGpljx,15,9,1,8850
wkXIDgyOCBbvjzpJYrXX,PQLnvjgSsCMtMsfIOyCe,16,0,1,8372
FySSMXuyaYCLmSXqpCbj,NNgvtPNhwTADkRJoTWqt,7,2,6,8606
aYbBoXrsJmPIBGWNrrCQ,HrqigsSIKGnaWtusrhaS,9,0,6,5140
vimMLKgGmJEAsKUroEjb,wADnMPEmHomyajUpzzjB,12,1,4,3150
CnIWqIwSRxYGvamNLbWk,doDSXWUkeSoQJmOrLLZd,14,1,5,6984
rfJGmJtjfQDwWlMThmhi,XpXnCCQbvXNSGnltxxdE,12,1,2,7784
GDRxmXeGoDWdkXpnkTzO,qLflkhCRXnFEzHNphcEg,9,1,7,4809
OGmqleVCJFslEanvDVwk,tpBcQIfwWAJEuYEbWkfi,5,1,5,8834
ORqiCVqtCPlnQrUKilTU,RfnFnSwgltXMCMmOlSQU,1,2,0,5613
rdmdGmZgICNOTvvRqoLr,rsVKWQPYUxfPgvUGSzOu,10,0,1,333
QVvAEmZsCNSTJCKxiVEp,ssjNdHTBzfBPjKJhayxL,10,1,1,4628
RfeeNOFYaQZczqpulgiA,oUQbvyyucpjaFNPsIlfF,14,1,1,9800
nSjtocrRwxUpESvIKita,uMpHCEimdvJPhcXxcNny,9,1,1,4461
gdqZKBHAfhttyHOmUqtZ,CmJEhxELnfuBRyjDrcBI,1,0,8,703
yZaCoeLvRNLBVdWkLugi,OrqnHsmJCIdVuVEtLXSL,17,9,8,4010
OICQBbJsAKKmlClqpwlL,KdKYiDbDlMOOTHPDlZPZ,6,2,3,3275
kvmADzJAPMFyORjVpYTc,ChLkusweJnHLDlxaoRjm,6,0,2,324
TmZyTIxSYyunEzxWPkOF,StvrWkLDyAwTRSEDFoci,17,9,5,6258
liFccIBIGLOuCMQMBeXr,XlonFFikKeTxrBPVJwea,8,0,0,6833
nPhBgSpRsTDxVZoxYRfv,LXiCepuxxAfJbKsfhWTl,6,1,6,8822
YVjirCnnGkXTaFPYTtWk,sRlPShfNmPqKTfKYOmZM,7,2,4,1750
hwtGTLhoEgupFWYueBjI,EEnwXvdbQiJNIzwprUNg,10,9,5,5846
PkdFXjTMOctrabSXyPGw,NRzTJaOtQFeOxwlKUSCm,14,2,1,1646
FEbuSDbEHRcXULilmdzR,ZPdKFzsCjZrtJTzdfwnO,1,9,8,8309
UmdxBZTkyapHPGexsljy,mOnjBepbPlfyxCeDqROc,10,9,1,669
WYWySEKDbxahAwOkriQX,tALmwWVmeklSAGzfKrYG,16,1,3,381
wJILwVWgNuDaxnqgpAYG,XxexNyCkQxJHrMkesuWb,11,1,0,8409
BeuXGXslLSmfwjUynkLR,iUkIDMAkAetUOdnnPbCn,2,2,8,5347
xKMRxyBsoNZmBGugZkpe,FfGvKdGUVGsnhSevrZPJ,2,2,6,5533
dGJAScRGdPbcTyXJTjNi,VBOlJkeLxbDKgkELoicQ,14,0,8,2476
kLVxvjJHnoWKlTORpeqB,CLsJznhRYisxOMRMqepl,11,0,4,4130
gfByhugmLCtYjsnUCgSh,SRrXgOCLdMcIEnpluNfV,18,9,8,5594
wKGgoSwFIUenENHoxuPy,nkBeifVvgwZEsSVdyVHb,14,0,3,577
dQpsFSIyfnDOuDePaqoN,qMMDOtwOWYThRPxzszCq,7,1,7,8754
GwVIvoUGCcJoyaEqxMhX,cGUOcpCxEbuRbwiIxMEM,8,2,0,3259
bCmatDkTAHpEcJqudEac,pCkZxxKOzyHZYaJLfmio,5,1,3,2571
JiGRsStKAuEdEZVjWFxZ,yikopzireeixfkylOlQj,16,9,2,4522
KDqWMlLTLIOiJDqTBuFc,IIXjiRrondmnguNAvMxm,7,2,7,6727
YGjpbiqwaKVjdaIpVLJx,hsWiqdUruNCybpOtgyFs,11,0,8,9323
iRRvUqhPLCcYviisGcne,FPnAUowVyqqsFuSWBIyW,15,0,3,9506
jABJyjTbNayulvhiNDGs,uBWAAeHigqhSBOpeFAYB,9,1,6,3556
cOMxLyANtGiRTodzYIwX,xsHeJiYyBBkyTTvJdslG,7,2,6,8795
tlooRDCLAGqSdyhDaKxu,YlPaqxiwzhYCmtJWyGeg,17,2,1,6873
CvIQSDeQNzqcsidVRFaY,TyPDpDNvndnNHMpYOQDV,9,9,5,5643
tOBbwcXdBPyEUmGjWzSi,zLahzVrIUOdsyBoXQLDC,11,2,2,7161
VYVauIVWmzJTKFHJYXew,aQYfCGzrUJfUnOmecVjC,7,1,0,8176
DBjFXKCMULPuOEXxlUxP,lxVMvAKqoWOWVtgKLAaV,16,1,0,6915
aEcCwdSTjFfSHKKBWPlf,MOlzaBHBIAGhrZEaOxSQ,18,9,2,8846
wWUUobenYGLipGXmZSXr,rIjkiRwZLXSJwDiSyKoX,12,0,4,3036
nQDNsZNOMgevmKnBIqmc,jgycQUmBfyjLUkMEwVLn,14,0,7,2146
BdeJgOCqragWRfUqNQOB,rVZntVhxtLPLMgYDmhFz,15,1,5,6304
qhpilXETOfUNUpFlCRUq,iiXlMooRBoVblzRtNNBV,18,1,2,4740
UXlyYaFeLPVEGLVKYQFv,uDvFrFUravZWvjqHTjJe,16,1,0,1890
OLdNcEccqiESdnNHyWAq,GNbdUCnuEEMvGMyrlOmZ,15,9,7,4687
wZzsURRFEqbwvGAGrYWg,XacHVixEEIkxtkUieUbb,4,1,2,3981
FXnPcHbzYfVoMTyjbZFl,yNdRrtUxznLuRszlhOYr,15,0,4,6879
bzewkBlRatmovRXyqism,AvXIETsVsILVjiRXSVKc,18,0,4,6610
kbhwGPvnXqZvNlgmGzFC,XKvseTwDyYpEQyVgcohQ,5,2,6,3968
VbpBeyFdATQZwBzHmpFV,wVcwJHunhtVgJVnQoeJS,1,1,6,5925
PzbUUMbybUHLrNxHQcYr,oQBHQjKWHXHXZwPanXre,10,1,4,1066
fdYFSxVLMNFcqSUnuzQx,AwpxJCmJbCPwxBgEtAsl,18,1,5,8637
xHhgjYUjlYuleWwlnXTs,JiBfSxnbETiemHgpofjI,5,9,1,4113
AgXDZMzJEWeyGYXiimET,oExUApJmfXYsZkRNvyuv,6,9,2,726
ORfGTwuBbrdFCnSkyBrt,NrkHYKJqMYyPzGgNMEMF,6,9,0,8982
ypbMtEMixGvrXsolGpcI,JxgkrvcIhcTfwsYKWDRC,2,0,7,5127
VaKzPwkvShIPtAsddLWh,aJayUOTRnqFcRTQnjWiL,5,0,0,2822
BINwRSBbGSQbDnMxoPRz,PfMXPxurJkFJKZuCGoHY,3,1,6,3060
raWoIfWghNEgiURlgwMm,EWgWRIDnozVSnoUXizeQ,7,1,0,4004
iLktBzzsyELWUYghxJgy,acWtiQMeJjkbeiphhHTG,11,2,2,5197
YmKKIhsjOXAuKkjOachQ,TpFoLnXlspJwBQZCPGZX,3,0,6,3226
WYhaNocWlXLcFdYTSeUY,jKvFEounMefxgCnOuYNb,17,9,6,1584
fTlxxWBmOyfOBKEtOpyq,bUJckUXUCMOOsOPHlghD,14,9,3,854
oAUfKcgMQkPxTVgGQjpu,vgTeDHJxbeDrNYwfCJHi,17,0,2,2607
KRgWzXFYfTySPAjwiHWI,XbQZxptcjeQFvqsCFfQu,9,2,5,6374
BHEYpxQtuqhfnqeVeAiW,GRkWQAUAJUqVvYVydahW,1,1,3,6183
KwaHUwibzMSgBdLrMTTL,UjfrxSAlhImGkNEFotOg,1,2,2,4096
OwAXWnYKmfFzsQSxjATL,RnSOglVnNwQBLYMKheZN,15,2,7,9556
xWPwGGQDBiBiCRtvzIha,FHrkUaberVqWggdRbbjf,11,2,8,4760
IiGQEeYfrNlriWdqCCon,rLNzafcfJwIGQwlUzNTt,15,9,3,2125
ipvVHmpdRLNLzUnnQBQZ,vmhjqRsxKSJPoiWbjGaT,4,9,2,9170
KBEQWIfriWEDDCyLWJLt,UHIRtPREBGATTPteJslv,1,1,7,2186
cZbmNrxFTMiwFpYMVkBc,sXrjSAeonHOdfSaeafJy,9,9,3,9916
fYsAhpfZfpsfFLhqvDfy,ueJtsrrfxGGJVcfDeNxr,18,9,3,8280
PplnwJUwIoTgMZaTduPC,VDjRJVrLVkkTXBMPQIOY,2,0,3,2425
FPZdbgvBgVDXEnzxLLeF,lSsAxxTThRphVTwgnOVk,7,2,2,6825
QcmMUfvOcobNkPsIRxuK,oaVEJaAkGJJaMPsIpyiQ,3,1,0,7922
rNymBjsqirYdThYpcaOY,TUxVcBfqxdBWZreMZcgC,3,0,7,8804
yflqwqTSpTjCAkOmXQkW,bebTkMtOtbEYMVajhbre,7,2,1,8697
keGLCExIMIGrEFJrqUbT,rnukMXmcuToWzteFBffS,2,1,3,2249
cltEYeJUlVDrBmkoUlTl,nbaMhgokJwBfeqZNqqjw,16,2,8,9013
DssbKTdUSsJAwtGJJuMe,aGErInsHTsQjfgazIzzo,12,9,0,2407
TuWSWdJdRYTZLtBlYAFh,CzLjsxBUIzpIFYNSVaHF,3,1,5,1391
EBFNXkSlivZlnqfMcbJz,tAsOfdYUlHwjtPeLnNWV,17,9,5,1736
ogCLHhghKpegtAHkKfQl,bBLaQuqaUkRJDQjatsGS,15,1,7,5573
vCmtccqwUiANcewvjqGa,ocliIchrDaSPkkMkcFaB,11,1,5,2115
yqkAeFaToRAAvMWaucGZ,nHPoqfzVRWagveDdSHZq,16,2,7,1396
pwtTVancplmpfohKmtnD,lMPWltWqdbEdNjXYsnWF,16,0,8,301
bJdNRwHvCJFCdjDzsWCk,wNTGGJmoWRTkEwYKsmcf,7,9,5,9901
BhmVCYJPPYToDzuiUUIE,GvsEpLiRYRlqpihmajGk,8,0,1,6980
PQZdAXTuqGypwSHcaQYw,XwUICkIXudssssQvwpNZ,18,0,4,9852
pNGdFCOfOcjwdhnvesNZ,QWIbXColeqzDLuIPphvE,5,2,2,8088
gTKOZCWIDagNEWECIump,zHAxDHEJqcCsMxHMjgBT,17,0,1,1847
tHGXTrYKzPFVLidDCFgQ,IxXDgrhOffUdNBQnaUBP,17,2,0,1619
sgJBuJaOFRBKQxOEBznu,QARKkrmzlzbyMeOQZtBU,14,2,8,4100
JQhoYkPlxZXkJZVFnoyP,jLLIawVCjJXejvLSrcJS,11,0,5,1414
xtLlVpYuhoLOjAGyYpsi,BMVHxlSUaUHqacqxscuG,3,1,5,4784
vsDEDSjWeOlAIZljeeGk,jQrWDdZvmLShAglGaUnk,16,9,3,2826
iZFBOPMTHtHWbdYbmBZG,MBraRbQlhCtGqayWozVo,18,0,7,2220
YHzhoBtRCGidVuWSoUSl,OhacOZeWErUptIjMBZnF,8,0,6,594
VbnlQWEsyhfNcEKrAxVC,ynSZYHynoqgZiAfLqXOZ,7,2,0,2033
QtjePtjbMdjCtIUTwSYt,QGRsaZcCZAyXDLQmOTMR,11,9,5,834
LfNDyzzuNviiGEdRQGbm,DDASkqAjTTmjvhJcxyzm,9,0,7,4232
wgpTZoNfSXCwKsHKlPYl,yduHlGzPvpdsnNnWAiIS,8,0,0,9154
xRYwIUqnpgTeAyFEdENi,SBsTrowYnbQfVLffcrKx,6,9,3,6640
YqndwjZkiOFFfuUdUZwU,jvpVaLIUxTyYLoOqbaMP,11,1,0,8590
ayvihCGwrKCFVVFJHGXF,RubcIQXjKOWqsIcbVOJl,18,2,4,7714
NHeYKptPZbuGsyHKdnjB,WvigprmOGdsWASFtoBhy,12,0,0,4540
aFDAIrHuBqAhmrFORCHS,hzRKLisDYMnVozUhgVPu,13,1,0,9105
xJyDVqWuItXOpALEITPI,goothnxHyEtOoWYVtNZk,17,0,1,9613
JUBhnBMhmQSigFsqePdL,ddwLNGqfLVYpgqueOfzB,5,1,4,9855
AaDUHMNtQUzyPECaHIip,jCWMtzAcXNxEzmsMHOxW,16,9,0,6733
pGPWTdbZdCHftMKpVkmv,QPdwRIqBwZlbhMDtPvXY,11,0,1,8051
TDvfGJZCDZHgiGobJaYP,JpfNdPDQVAoVhqFpnooZ,18,2,7,1900
uLmWAIwqNeKAkxOQwMFw,SwUyNCVwLAVopelJOABe,11,0,2,3884
crmstoBmGnmhHdgConec,gDyOnnirecnAfXfYykDn,5,2,4,1133
TbnhmbQtEqllASXUgqWO,hEyvtZforupsmGsUEDCG,11,9,2,6735
DcBuieADBepEhtwlEahD,RUjEkpNKgwppSnsKlxxV,6,0,2,8731
xiRSWfYtwPuEEULtnDQX,HOuOeTHmQuYWQiCwUscn,5,1,7,3809
WDcWiaxtNhHGPWfVzDhB,sphuKVYXacYUEEkRcXLV,6,1,5,5559
HIJlwUtRRCizstGVFgXD,giUgNjAzGewFZmeZfRCr,10,9,2,9329
LaZqdMVxiuFbSLBBAsXF,QBBQueujVgLOmVpiuami,9,2,8,5608
rIaHQGeqzgrkxmwzjIPM,hBTgwdHRVfKhGnRDiHCM,8,0,2,7185
jqMaMdyYPtiBxwDxYtol,OuXaxrNMMuqktennlpRQ,18,1,5,177
GbIdBUdxCWfCipBQaOnp,VqmnHKUPcbqaNbgHQdXm,4,1,4,7301
JuiwSoSpDhTUdWzWMRed,eadnxUxaUadAbBHLpQAN,7,9,3,1950
ooXfcCKidoCQmzGitSmh,mhtODBISCGndtUEDWSwy,6,0,6,8269
QcyHWSyGsiCzImXZSyHh,lUJpOuJzCRwzMqmCgzXW,17,9,7,2492
CUqljknuhUbNISqsZIEZ,TSNChnXmuauyKuMLDdjp,12,1,2,8420
MLaTFhNKnaGiDuKbmpFa,KMOetXhFEZzDFnBpULEr,9,2,6,6445
DoChjVOChnAHVsoZRzyt,tQNYEcZIAZLGYEjuiIrA,10,2,7,6360
zRqElSXraMWilpPlVOPj,mACdaDFSmBlxIgiHdatS,11,1,7,3252
zgHsgMCQLsnsaYUIkBAm,bJIrIOXBBYsHKFShwLWB,11,1,5,4107
cGFIGVwsINmwtpDWqztp,USYnbPQDGrvYPDyWQrHJ,7,1,2,9617
PSAgcjebnxqqjvSzJGMW,xFEqibxlWLcaKRqPnCvJ,14,0,2,6105
VNCRFXLXnjkGMBsKwOud,kJtHIWHWIxZXwAPKJuce,17,1,1,4061
EmKEptueZLHASqWgPCqB,fzMAArGScskEaGYckGWT,1,0,3,5014
pwoTmDIhyENiLOyjrXRB,SHVnHTYnvYjzrSuKQodh,4,1,5,3571
xpVPRCwmmDwWEPProXKH,jMyCsQcLNKWWDPQTBRXu,11,9,8,3230
SzKiucfOZTMDUCwVQbib,JogvtiGHIZGfdwjCWXLB,12,9,2,3136
EHQYLNnVXUljaxqETKhJ,BJFNwgpYxtmVpFahakso,16,0,7,8268
BQDVxAfnvMikORcSCHwe,fqwqDYVHnZHOMEFMIlAV,14,0,8,130
NqamsiRpkYEFIcOAcmve,PApdNhLAgFnrtoOXbbXO,11,2,7,3197
fspEqIGQWRvBvbWsodKi,EAZnEnWCWuqYaXnOYQqz,4,1,4,4974
aTaSruHfCbZwYzUMhZkW,LJYrhupPKTDYCCWexdUJ,8,2,5,2985
lAhnzzlGUjAaimAYqAQn,iODnBWwhQIgIHqqhMGKV,13,9,3,1257
tsAeHyieqqpBkYJAROOn,nEgsJMiNiyuGcaCSNTCS,3,1,6,8069
OYqWZUWXWZsfKHujBeeu,QUXqyipUHyvDYjmyuurc,18,9,4,6800
OWMcTQXsRLlUdSPZIttz,mSNGKzUyfoFfzvrjixnp,5,2,0,3282
SAzwYhVnaVyHMcwjNxfH,kFqJBkCPYYDJEBQNsEsp,12,0,2,9212
niwlKdYMIOpclptZzfQA,ixZuNJyJUuSoTmbyZuwJ,15,1,4,92
gdlLgRzjJkuHmpTTQxIl,AUCubqlejpnfXzBhXHDp,13,1,2,6072
nGsrgeVKDpfGsTOEAoxo,yvJPwXAVclhaFKKlBWBm,6,9,6,5292
YJHpRXSUVjLzlvAbvMzZ,jhdUvUcTNGRstYjVZcSx,18,0,6,7043
zoKtLcRetEAgnULnkYUv,xzvqlypSFnqZTsfHwrCv,17,0,8,9137
MvSBlZoFsBZRvyslyRZa,gcdfNgcmMLBNGEKedZBt,9,0,8,46
KBfgmaWqJCiUnkwOJiIS,oNndXUkOueWWVfnpUdMM,8,2,4,9046
XDxNUnAfBtZBDCIyzEfj,zJgqdoUiTNKhQksSmLsA,8,1,0,2749
VBeHqeEwJDOdXFLaKfyL,JgDVKLmmdNnJQSiXxgjH,5,1,8,2214
yTHukPoVzfPeIFlLGVsd,WSqrNJLfblrDIWugVZBF,9,1,7,9889
cyFjsNoqMOYhogNpaXcg,OwRmnMYlTxaobBHporBa,18,2,8,462
eSkGgWXbVMpurzyRVlrC,OTYxupcoMriYxoBcgCbs,8,0,1,3892
nNBUfcESFJrSfMzoQZFZ,kGLdQrbONiDsWGwMMRMY,3,9,8,7995
rWuvjgWWyPeLZgzKpbBN,vouRKeYYHIgcQicGVnHm,11,0,2,4664
lzDZDCyrCZyfdgvNPCgP,poSiCiPldPGuihhHxUJy,17,9,2,5417
KatnhqypWnpSqdXEHEnd,gaiYXhGgDKlxnRhmoAkF,1,2,6,926
ikyNSaLuzllmRPOPKUJx,KfMnKrErIWRLQhOXdPLi,6,2,7,3148
MABmtEFBGvBfXGePfakj,yzaIzbJsBkvYiifRBlVy,1,9,8,9601
iVOsWsghLyblUbjjVoNL,orOjtmwDiyFQqbNqUEHT,9,9,5,3698
QziXfYiBxkNuXbTnmilf,JQTOJRAABQbpnuGFzFDr,3,9,6,5290
uDypOmuQXzRQQCxFFjPV,KrRbwMmigJNpDRyxyhQp,3,9,7,4247
lmxJegZYRicKMSyDnHeL,AUveQqIVgnBqkWjftVXb,7,2,7,6395
MoNWpnQgcSyhtzkYHylj,kqFAOYXLmgEXEnOtDjDc,16,0,2,8057
wTxgNpQqeIUoUzeZdzbr,JvTGlNRsossVdbzIixsp,16,0,0,9610
HxgiURdqOWHqDWhzePcJ,swyYPOycEUDrTwsevhNv,11,0,8,1217
RtAoPXagRRByqJBubnZK,KUbCpgkgGpjxESczJApX,17,0,1,6025
UWBsynaWhFiWVtGtktLJ,gnGCaznJjDbcoHVgqeyj,8,2,2,4154
obEeLosZikCOsbUxuZic,qLItKYASCHNpEyKICMLi,12,2,4,8318
rvOijqKLNEJvMFJxcYlW,AmXwglbHxFowGIyrKKyB,8,0,5,6570
SphhqEtVYhaRWiWGKrMG,bcgNImsCmUIxGuvIwGvj,4,9,4,8153
UnRmDPfdCxLqnRHunIJl,wnZpmbqmfkZCeFJdUUaU,17,2,8,26
NyIrHPSQciSswJvxBExp,XcoRtIMAOEkLqLWUQcnl,10,1,8,4961
QvBZjEemnbvZIpTnoUOp,LLDKkGXtkSoygjuUDpAQ,14,1,3,7506
QEGApShrzAkEOjfOmPDQ,LjyeejQNLlstLIiVyHfh,3,2,2,2574
yLqePndOlPgcOlyrQfuu,khDqebyHXlhdoRyujRPJ,8,0,5,1956
uefJOseBmZCRbTistTOg,BbiOUyyfjRkZoMUYMdBd,8,2,1,6356
wbkkygOMnDVokGOWWskm,MMhVzxuCOElyJDOpUzgp,13,0,4,5798
wSKfDELryjvJJDcGhcOJ,QXFQSNLTNZkBXEozWwEY,7,9,4,4047
QaDlPYKVBcTwPXRnfQRe,ryGnTjfkOeWkesefxldX,15,9,7,7667
dPEYTthkKaAWJQVSHJlb,rwbRacjbnsuwzlwrtPQS,17,2,5,6441
iXqliMXCDygWRwrLlmQo,rskvHIWSRLcDVPitXeQR,1,2,5,1605
qwlUFpjTEcVJrvzxWYEp,WcJJxVzkgMDVhZMGcyCQ,5,2,7,7339
vcgcSPhcEWxgYrjvvdWd,xceATKIjPNfmIjhOphiU,6,1,2,4941
nndCdxLuLcgllZrwAjIV,qGxEMUeytkwPzSDwcMzi,7,9,7,7932
jweykbdRwEpTFTrsYBFU,CJMJANSJhWWKjdYdZOuc,13,0,5,2219
ZqvjqPHIcdApeeoIJetr,VufLvKRSGzqICPdCCEJh,2,9,7,8525
DIPWXTGdPAALFGJXpNRU,OBidvvFPfxDiJkiGCviy,6,9,2,6745
UxmOAyqLjeZxRIfRksZC,jIuuYWXGSFgKSbCKGwmj,3,9,3,2216
ZHmQiKmpJqJCpqHAhWnh,JDKikxwXDYpyQgAINZbY,15,1,1,2941
WwbhVaTJhcbYTXYGrqvW,SXMAGvRguGdHlrCQckBG,12,2,6,1094
LLnOmETaVJmxgcEJwjQS,oTKDpLdmsQMLfVzGpQlz,10,0,2,8517
VWGpbTOSQbnGEplECWOc,ZmXFeSCDGclGAZQpzUsd,14,2,7,426
QInEnZuHigNOABVPvudG,gjBFOSAIUnrMdyqzUMot,17,9,3,3197
JdvqOyPlUWiDuThDHMmO,IlAWOOJrePaQToAmPdBd,17,9,5,2767
uHQOQtrZtcWqYRQqOayI,ThmUFBfakMbDLiaawCug,15,9,4,3217
QOzCMNBaONzousWSOgFS,cQyMAVRSrCnoTSxRyDLX,13,1,8,6474
vlSThqZsMjdnfMKrZAEF,antPKpTbobVSTPcERdyw,7,1,5,8068
MjfAQovdBMLrbpABHmiN,XJTExocGoDQPfUNqAOEt,13,0,0,4116
kQjhBKLLtGwKXWmAMigf,OzcIElYRwpmyZnNKdaaz,1,9,2,2830
zDixySwgXYGEwxXGjkMq,swrfGeViwLqqPMupTypw,6,2,3,8187
PgPGCpYmLKnGwwiJRSEZ,iEAbXWayINAFzuxakUFv,1,9,7,4766
eGWKStAWYrWVIKOOymcY,rhdKPMxvUozMpBsuZZFV,11,9,1,5883
dILboeWoCUdutqddynXo,cXzDelcbKxGCigRBtHQS,18,1,7,1654
eQDSFTbtypatDCYlXxhL,KeymWyHEsYjjDrRDlXSY,10,9,2,5275
cTuiUEiQlRiPcYosbagm,muFkkMyBryFgJTeDMONz,10,1,8,9722
aqRiDERkKuOrSALLrbbk,SgFrsraGcdDKbSWPiszr,3,0,7,4984
IOoZryZMtdaODyNVmakR,lmRezMTpZHRMPrcOuYlt,2,1,1,2947
OAxpPDxmGtdioqJyJirh,DDjQGOVxEyAeNZiebIBH,7,0,2,7573
cnyjROYRYiXRFxePNpIM,sTjXwlLVzYDOYzOfzjsb,13,1,5,5608
zWFeheLQPrvOkJedOvEZ,RlVhUcytlPCbpEXYsvUf,4,1,7,6523
pDOcOunSFPXOlPlbwITu,FHKPvzrIQpGPnBsXMPUj,17,2,8,3891
FJnxYJkbCePoVsZJiPHV,PivheCQnMrtscyjOuiEu,14,2,4,3850
kwmuxvUsxdrolZkMhMNN,bmbxLrUjaEAChUJPfGes,4,2,5,5745
LgfCLkgzsVUMbGvsUdVU,sgwmHwsmdNVvpbuMqonR,5,9,1,3996
mFXACkOmhyQJRpauqASc,RxozxDDmKSyvUGhySIXi,9,2,1,5742
MKjjLdGcflvTdCxWgLot,sskYUuqgsjFkrxDYrtqv,9,2,3,6170
tgZiyfoizCjrcEaIICKQ,dciAyRsneboRQaQVZvUj,11,2,0,3437
XTdiLBJPaSOuAsPCONCN,EEnMiPWBMDCoSelQDnSv,6,1,7,6564
EeRHUPaMsLxlBpuxKTDr,kAxBigEPHbHKSooJppXX,6,2,8,8586
DkNLIYQEweCzFXfDfWqB,XnjOtGSpnarhunRLBgKz,1,9,3,8473
wcFoRQMbIgeFqqZfAyMw,yaZNIKVNGvWUveojaWSj,12,2,8,4650
dyOxvhbGzFzKoPGKBMTt,ESxNrmZyuBuFgdAAsHNm,4,2,7,9864
LGyMljHeWOtHNKHHcRRB,pEonOZIPboTdlOFhZnKd,4,0,7,2972
dNQRbENUuWAWILSsLVIB,lOctICLzSTSPGQFUHZUf,9,2,6,4065
SflkBjrCtQkhQAQoBypf,WuJcsRLVzcwgsSwsqHoO,14,2,1,9921
VMuriBVtPIYMSzJGcHer,srjGxyVVDbrdiepekDaN,7,2,4,9408
TkqfNKDhCwnCdCXbBzio,LDdCvgXygpfiMKLIeugZ,6,1,0,9504
ALCxtNnIyCWIOJWZHcTx,fIcJYEdDKNjducfBKCbC,3,0,6,2000
akpEpZifFwGojtyenHou,QNssntkiHdAhImroaprz,11,1,4,5030
cxFZCFryrBxMCzwyVIsF,OrifNOqEwPbTbCmFEoMt,10,0,0,50
mpVBffNNnBeEfIBHaNbS,QgzayRxrWlMBnBhXkcLh,12,1,1,6414
skPqAThrelPwEBOdNCEi,qzhEqZGQTpTxKMerYYhz,11,2,1,1295
hmupkshiyVgnZXKEmYYP,zGFbJqwAdISwRcKfpSkW,18,0,3,8225
hCSCLPtxWkofkcLcqlxZ,saiWLeJKdsYujsatcsSz,10,2,3,6712
eovKdGWGVaDypxyhpyuy,OIjxLQtzrOqQhIuCzIOc,4,9,7,1927
seNSmQkAJOQKtSMsNwSw,EHBcrkDjUiudOwpjBuoM,7,2,2,7453
aNiAdRsiIvywMzEyFWEw,bsMAhuFUThvHZWiXPgHO,6,1,2,8764
SMmNTcKhbrStNcCexhvq,ymfJCBMYbvBMfzVIvdRN,14,2,6,6801
QauGvkjpskKvkjxuSKqX,TICetNQkRLpTMgoevTRp,13,0,8,7798
yXFFGwUKaEeqlSVMOKif,penGLQsHkCSyYnKMrIfC,17,0,1,2356
hqtRLzYVkSGHCvybSiPE,khWXtvPgqFwsPkysANnI,16,9,8,7605
DEJpVubkPCCLHxWbymqI,pckpUolBSjEbpYRxPmzz,4,0,8,9321
KRdcCMlTgAZlAPHhQTFz,iNYmNJmKGFQvckHZnujC,5,1,3,7211
aoWwhrQWlgZsnxMZbEPW,guepfYbWfNkMsRCiuhcA,12,2,7,1081
uzBbbymBiwmxoIgtRDPj,YZpWRYfbyWAFUYhlGkvs,5,0,1,2319
fgcaWqrNNAEIESCKgXSr,TAkoZecObQEeKNIdKKYh,15,0,6,9049
YcxpYeTxVmVtgHwHlCZQ,cQrOXHfNOzOyoOVdQoLm,13,2,8,5851
NqFirGbiwPUUZkyymeel,zGxThCNXxmttHQjBbZvg,5,9,5,8343
tNjPCoaTjFHLzYbIsJNR,eoEpnpoYwWIUmdVZVaCR,17,0,2,4847
ncTHNxfQgnNkHCBUaxjK,MRIcnGhdLDkVlrECBdZa,6,0,8,7709
ljSNXRkxdTEeDiflqRRX,kBrHGpaWWZeCykiYQIkB,8,1,5,3722
syZwmehohOlPkZCDisoj,YxmKbwjdWHMSzhxFVsVr,18,9,6,2082
AgAMVaepZMdgcKnjVrzS,zdVtjENEwkCbbldZUhfv,2,9,4,872
paemrIqRyeEOigHwdkcB,bvwzrniJVfLArjmWKePH,17,9,3,6003
CXgrLPeArTpiiberqbYO,lLuouyqRJBCInKSXHKRH,6,9,4,9524
DkTvTnTQNCbvaqqMgISc,fnCBYUrcfWayYhHzBioL,18,0,4,895
ZrVxnWqLZOGTpyknVVDW,yHEBuxYwqUbhRKZKrzww,15,2,4,3127
yopqkWvtTAVnhefYjooe,agqtFPySdrqgqFHsKQwA,8,2,0,7871
DVgQnHczMlhkQRngMamz,jvNRbbIuUxRiokxWZspf,4,2,6,6153
LrHkTdIjJbREJbJQjhqz,GPKnjLPjOojTsQTuAwjW,9,2,0,7449
pPJFnEGDGWXGSgGwDsgU,NdimptOnBOdMMitaYbHH,8,2,0,3357
TxbKlYdCUlhYMjsYTpLq,ATVOxEJjIiRUbjoBEqmH,15,0,8,5588
eoTIqZnhOypyJhBkzRor,svJmkAjwMnhRkHsyRUcp,7,2,6,7378
pXhJZWhBPSPybprLDZeu,MMzMJOrylcQsahFxyewP,13,2,6,1294
HQOPRVWFvTIzUTicsXcE,IIHJkFfLXDRaqEguWfYH,6,2,8,4442
qIUtJKAGlPBxzlbDCyVP,fVeUwnVhehQZTXBHcFfP,13,0,7,759
iomharqPkiNGlBoKubbD,NfUIybHpvdAvoVqbYmRN,3,9,1,4874
zIYsodqwgSlfjVEHoSgX,isEvnjKishWqMheHnxCV,4,1,6,1831
CTpgntUApLaLbdWdEjTE,DAsAoEYAgjNsSpZEcHyO,10,1,2,5652
wMzUbytuhUgOsdDZNnxg,BhALBwhrWgoyQSBHRWhW,15,0,5,891
puQujFwiOszyYqgDnCwB,sdMwbhGZzsXdgSKHYAkT,12,0,5,8269
EBShkIIMOMhLQOpKYJfm,ogwPlNKTBcugtevnJEqK,14,9,1,5857
ZMJIphEaYMujjfkHVwxZ,zbBaZKsPzsYakpUKMyug,12,1,5,6034
jBTOISidjzHEafxoqQjy,RZvEFKFGsRnsBdBmIgOq,11,9,7,5677
RVbHReRPxLCQzWYEokPu,sGtXogXEfifZLMuxPgXu,8,1,4,7178
qxcGeabymEtFJnaSgChS,qsRlmaJqpdKFZUknppCN,15,1,8,6068
MBnJgxpbzcOyPMshKQju,XdXmKvFRkqnbaeWkHOxy,7,1,5,83
ZBiASIuwEPcnefLRVzhp,YzXCsGleguxCjYuemykx,17,9,3,6911
kXACeVBEdBIwKweYLWZn,bbPiidxwEjhtDAAHtnRT,15,9,4,1707
RCpZcuNqGwymlPqOerhh,uTTIXaJrRCATraYdGLXg,3,1,6,8923
HmYuXTEBOqfblOMBBnVl,imhSSsbKnHSDQRnVDKcC,2,9,8,6549
hTKTRYvuBhEIGvvbYzPG,bKdpBISOGLumdaaTnKOW,16,0,3,5467
ObCYeQIGzNGfIRONwTbB,UgNpMuVbxiJTIzoHmOev,16,1,7,2163
djGtqWtURSyKFKNtqXsF,eJOIDezEcrnSNVrVJWnG,4,1,0,7865
kNEaeWyyAfDViDsIdxif,eWhlYOSOYTNmAhQzdlkp,18,0,3,2496
EsTurQLkuduxQqkUIVKA,bvOnSmjYTfsTfDDSCrUP,18,2,8,2930
TaFuzqHLuyBAWWJLfEmJ,BfkMfmRkQolsTTLpmIvd,2,2,2,1607
cdKQYQCVrIYUZLqefISs,qTIuIIxocIhJxOOcaPIQ,7,2,7,8502
mTdqIBiJCNGNEHcyOuOB,esroXxAKqZGxUVgSsLya,17,9,0,4160
QKTvLCetEpkENUTKatKc,hKEUzhgWEDWfIldvMDpR,4,1,5,9265
XWNZBbmNBFTUuDaIsKpL,ZZHLaxelidIaBgLUSlQR,10,9,7,2048
pDauCMGjIRQreoFGQsmG,mkCRsQLoZynydzMbgANq,6,1,5,5238
mPuxdrjjoxbsOGadUAar,puorIwQFFRJASUShnHwZ,12,1,6,7336
RfpvcUqSqdtRrkEcEXNe,ZxaLgWsHpiCSqPfwaSoT,14,2,1,7591
IsLrryNtNhibSPDrxARk,nKoGAWKPtnEUHxWTsKRs,16,9,3,9591
sWUfYpbHbyekyNDINGyv,olZLMnBQoOXGmlInmqgR,12,9,0,2060
ABuYGCKrMoGtHdUHRPaE,AVtTpzlXMifeYpvdRhml,10,2,2,6456
TQlKhIrDvNNCnmmpzcsa,UIRzhhFqZwOnOZAKSAkB,15,9,5,84
cbCBqqwuTwyRdMvpJMUv,pmLcIUTsMSxKQFkqIQhX,16,2,1,193
AQuSLDgSrqajsSBExWqP,uQEAVQFFXRTsmyklveGO,10,2,0,341
nLfHQIUJKCPTTJCPNwfO,zgliPnCDNSdyLcJPAWnw,7,9,1,4288
EWxziMrsIPvUqBXooSsQ,VwYisrMpLayNaqJuUGTN,3,9,5,7924
JxRZBSEZuAWtxdleJvrD,iSmGQFHjfJJodxQFhCkP,9,2,3,3321
RihoXXLxqJfsgZAennGO,jCYmHimHncyPSaLDHmRr,2,0,7,2222
IUHYMVuBvcMthjvYjXWb,aRnhdkDaFhxFkuaBbjdL,8,0,5,9313
ZYQnXDGDiPVvlelKMbMb,GNGcPfaCsiDwmpLNnPWh,4,9,5,6144
qjCNVnAVoaacqSyNxHJX,gyYEJhWWgckFSEcuvCUV,7,2,6,1245
mGsPzEDJHLpVUpEGSaTu,DSVVvFRKwlHspdnxfCui,2,9,0,7150
gZPOyheOfPXYGtKHXLNX,mAuPdZKCPxNFDNEybZmI,6,0,3,951
KhVQvnxPqekLpeImmUAp,nBSdhFlrRWmtmNnSZNWJ,3,9,6,7325
frbGFkRnkPpgkKNiRZXX,OknRCueDygxaBshQKnuZ,17,9,8,8844
BMzcdIulRdFQyKZeQSgj,sTRKiLLRVIsPagcnuANH,1,0,8,5780
VhkVzbvFBoKOmMsxGiMr,MrvOyRUNYlreSsqIFiQU,17,9,6,6223
eOJZhNpClfISFTBhwvpG,mzFsgoqVyASwrMRkRyGY,10,1,5,2203
zJKZEZKorMrosZKSdhMs,hWxkqglVgRjLSrwqHLsg,18,0,2,8844
sstgEXKxYvQYCISDyuJW,rdprpGNKcqWqjJSXrAqE,14,1,1,3550
ycCngzxTUulNQrvqdOIg,vqziCipCqvYyMBrNPEVZ,8,1,4,4277
OVdqSUpvkZufoRCaMfwR,RCSabyaKnuVHkaNoRQQn,6,9,2,3025
mcnLJVvJTCWBYAiCCmPl,evaHhOGLBJbnluHQpEvS,8,1,0,913
BZcqZIWKzfVNvRvNcMzk,jQYwlBmfxQXYRyMGOVoR,18,1,5,6857
hPHjotcdgmBZAqiVTFQi,XOfGMFJAMJCrKhMDZcjT,7,2,4,6647
ajZTJAEhZizRjyMxxGxU,FIQlXsRSKEsEgKFRjMdy,12,9,2,6619
BmwCYaQHccWBCjUAhdsT,ijbISsThoKHCrRKyguCW,10,0,2,7685
ZDJEnEfNTCWwPZjYZjxO,LdHWGukSDCTERUEehsNL,13,1,6,4600
PBrtQmSeArBfKfgIPBwG,imnLPXlcxDLkGHMyXjUo,15,1,4,478
oNFEYkuJjJjMMfOhHDvp,KqGmPYNZwGypdfoXMEtI,6,9,2,2924
oMttauPRGBXEfEbQbTfE,lhkaVKxpygjyVFOMpckU,12,9,2,7385
tKPZwBfJBGYyiLdgDLPi,mPDaRRrMMKBcLCRBUrPQ,17,0,3,8474
CNRuVDekJcPvMzURvcUX,zPUNCiNUvewCQGuPjigQ,4,0,2,5200
IYBfjbDFqwVxgVfTDgUC,beRoEHbULQJrTXkheGZe,3,2,1,775
eAqXQtPqxlUOpTwaEpWK,dMxjiFAwEkfGNHZjOlld,17,1,3,8360
dtbCByhgidpkiVMCcMra,IzdRBGDQwNhvmnknnBjw,11,0,5,6975
EvJuONkIXPIejkZzSfcF,jcoUlciEgARqKIUAxcbG,2,0,7,2574
DAhUyrtDVNbaBWwlmySO,XLxMjIcQgWyEOqzWwpNo,10,2,4,5445
cJsSKXIXWoCRykecYpuG,LKVuFihOYbfurvMEedYR,16,2,3,6944
rfgwHxEGZwNwLqUlvMPh,cWlBBAgxSLnBFuKxbVdZ,13,1,1,2397
dGVnEoafesJkzojhOzPU,AjDmhpYgMcqdYafLezQd,4,2,8,8292
nWJnDTJZKmJPXwveUUiL,ukVgqeGhzOfacOoBGahG,6,0,0,386
tNvYAsqUleovQAGodKcC,SGZbUVJWaNDLfeqYoefu,1,1,1,1832
DqrIpnApHacqgqdlxqmE,xlrCzRCPkHTxGSOVuGrD,8,2,7,7361
tlzERcNHXewenXuEIylq,wAAjTcNUONtpRqPTznSL,16,9,0,2568
XXGzYfwrKlrKSJIadViH,lYoSkHIyssGAxSEOtYEI,15,1,6,8164
CPVPuNKyjKDwpfgJcBsW,ByCzAHqmbBJHLwgSaODv,6,2,8,4086
dOGmEOLCEbqcKtOTrtjt,ILWrCJjjhUgySbufmPTe,9,2,3,3483
VOLHlpHcimYtzURcuAxl,ljJXwGaVjiljIGoxWVxg,9,9,1,2760
TPnuyJjPIlhaNjFGFDuN,JaGAnyIkTsIHBGDKhwab,3,2,8,1330
dTBhFAjJGOTHQBGtaLvc,ZBhetHjSEBvfQEmaoSKs,5,9,2,4245
MlFvsqVNtvAKVaaQIHpH,BmdsFFVleWRtzjLjhMhJ,1,2,5,3207
ofaHRjCDkzbdKzZeThwO,psqGMMKcfqXHqSftUfPk,17,2,8,8945
eRGNGAHKBVpRfEJMpgoE,PKSsRdnxASFGcGVwZVMd,8,9,8,5352
iguobyFhJieUtXEnDRvy,cIDzMNYrIeSZmzxbhBBb,16,0,6,2119
PSdqfqCQYnCMGpMGxSpN,umTZGFSXCbdZgPtLMbHt,8,1,5,5556
hdGoCeZfeFVMNCGFcCEb,IgkWTxLWkeMRfTsipRBT,2,2,7,5671
SOaOcgBcXrFnOvflfJlg,dUBLEejQDIFGlUNXtDic,2,0,3,955
fstyDKtjRoZzYOLyvxay,jwhIhLrSbsGVSxMOleGa,18,0,0,1103
qUTzhHjLVYvOiFvxvoMT,wYBaawWfTTTjsypZwJQJ,9,9,4,3416
KAREBaYZqcjhTEinBjAf,xWhtKMQgWBHcdWedeIRo,7,2,5,6137
TgrHdPnAHUgDxhZcXYGB,rseIOLOFoqZppttbrJDw,9,1,8,7046
ZdFfBFQwSpfgEWrNKnVM,hGoeJLIZGOixApMAtPOF,17,1,4,9265
jIsSZGwekTkBMhNaMeXC,YPuUISoSsiqaVsEkQpIg,18,0,1,8403
TmKIttHGqpaTTGuiDwqB,qivfIYtbWKmCifyfwoDb,7,1,1,8119
luvhgWiGNwJQwNmnstWg,QqBQQdzNmNTJxGXYWLER,1,1,6,3824
qCgqtCxjxVBZtVhCJHLJ,vpygLtsoFokDrmTEnzJh,17,1,0,7284
DHqkxkOHzlFqiLCmlHNy,YiNPjyeMZrgPfkQzBKNJ,10,1,0,2339
WOyoqYFjEPIHiJaQQrwa,XkfSeGnAJiKIpKSRWrty,13,0,6,5647
FBmarqXQpEEQnORBEYUA,jYHNlBmgAzlpPlHMDtUE,10,9,3,3671
NjlZJlOkWBTdLvoOtdKM,PpUyChQyVzTDvAOtNBJD,2,2,1,5769
UGLqtGNkHqLvBoACETgD,GYFNNyfzIfFHKWqCCnpT,7,1,7,3578
fVWezWOufDiZsbmQBKZr,ZdWKxtJtVuivyLBJlBcZ,16,9,6,1851
bYrzgyIXyAOLikCsMYAs,fJPkIVvKvmxCyflBYPme,7,0,3,4185
vjqmDZZVcbvWhpoeTXCx,egvCYgYkkReOOMNvVzUS,5,1,0,2642
IsjAeVziXzTcxtEzIskb,QvHlenPqxvUyUdudyuEZ,9,1,8,9965
xkDVVkVhQmbzrUNwsHJb,eSIiobuXyvkURcsuroHL,17,2,4,6196
xLdOgAojieGFsPAwzXrp,qsmIUReeUcWZkZodfZwX,13,0,2,548
PusbEVBIBELzmFtjaEBZ,ykWBfUBuDERGIbNjUTow,1,0,5,5751
HJTNyvMUQfQdGLkcNruQ,SvLkaBONqTHHQbalSQUA,8,2,2,7724
LrHgWpSPOAjCFjfNmzfO,rzldGGabVWsHlmMaXxJH,7,9,4,8192
aNeLCjGdXsblGYGPbSgw,mhDNqdzbcFsgliWdxQkI,14,0,1,6863
scaRqffeQMUFQwVrYePM,LuHdDbixZyJINeUQmdeh,3,9,2,7111
XObIcYYJEXnHMLwjXDCO,awkeUDLtwhCTnLNSLSny,18,2,1,9461
xlHfpUvFVOCxBRcITLvU,tqUpEQetjNpEPyeWNQIf,17,0,8,6586
jztSQyBFSZiXAiqHDkuK,AMzaRAidLyOOZSyeQobb,4,0,1,218
pcbaNJpByGZDQPpVTFdC,fVEinhEgvRNHvIPCQkDI,10,0,4,6113
QTRrkwWKaijHfWwJlAFq,IYnOVlPFWXleXldUNQfN,6,9,7,2053
HKGEsGevBIIAHjmoOVUC,WmjcfpLdTaNjhzegdXmD,3,0,0,9770
PBqMMSQUXEAbgckYcgjv,YUaMqfexZPQvsBcjbkHF,8,2,8,1172
DxZumBjpcELeryVNlJJy,BDyyDjJkZDqNPwhohjlw,7,9,6,7146
iIfNXJChDJXyVaVwPzlu,MtfvEEWgHgDPlsmsYfXS,14,0,6,5672
nLZWwsJCEfvDtpDQuQDB,UooTrGtDpJzCnqztmvsO,3,9,8,8584
uhQxixhJAgYvJRKSjjgO,nWVmbtiHODqsNUNwcXgX,7,2,8,4455
HbIWNBSKduKdEvFoOxzu,JMXVaqAaesAoCxDBShKm,10,1,1,7479
JkxPBCTsVDsCPuEufZka,PyqIbFSGclhZWHorgzkv,8,0,1,5644
BLvoTIWcxzJTiDafyAYL,XBTWXHQPePjZTrilpohZ,12,1,7,6233
JXKiTAnUtKpPpzTjaXMv,mCnDDbKIamCSRUKFhqiQ,17,0,1,7140
DkpOratzhBlzUXRNUulb,tCyKOhgzFZMdpcaAswJn,8,1,0,6171
umnBSKdAZYhsQZecwrgW,VICrvhuvBJeYujaRejpP,13,1,8,6991
UUuKixtYkZnieaHNMSyX,RBSRjlLovvdjBdkxklxL,16,9,3,7103
uyotNIpRmNiKTbtMnLDz,LRuypnmbTwXtqcDqxsWr,12,9,8,355
qacBRPwvAXUYDHjRkfZQ,HuIeNCUoiEJQZezczAhN,12,1,4,2230
sqJwzhQBqJPafbjsqFkE,HxORQTAXbpjATTyeFQaD,11,2,4,231
ResmlbkMTKXrYUeUPKWP,HUPobwiOjZRPipQhTUEb,17,9,2,2063
wWHSinrIzpsdkhwKWJoj,CDfUzTqpTGciYFEdDjkJ,6,2,6,3948
ZpBMvAVKLBCvzzufiPOy,ekCVOgbWnFfLHBOfJtcM,4,0,6,1389
KNPTIMCNDkUndPManZKm,nmyUdbbMprgnpEVYHdjS,3,2,4,7622
NAbzJueayziQsHtAFsEH,ohFPlzqzQRJHHLReRNtP,13,1,0,7703
rgbGtQyOynFGFHYGiihZ,gVhctaTEbfyQFRyGTylU,8,1,5,1464
oCGcHYOtlLHAKaoThpjC,ZFHNzpJGkoKQHRsvAmeM,4,2,4,2859
GrbMBDXEeISVjCryFpNA,VWEeYmPdtoDzrKfhPSUf,8,9,5,7296
NOvkBNXgaaNWoEWjsJXg,zvyuqhymrAGVcEqVXGWR,12,2,1,5467
SylDGAeWlqtnjjUhcLAJ,LmZEOVrVSsCglwLPncNz,18,9,6,806
WRQzgkPrPnMflpuExzig,gHqBYApRGPxtvSWZPpmt,7,1,2,3559
KamEfdStvlhTOHgpDzCu,zkhjiAvHREJkCYvBMxSh,18,1,7,6612
CLwOZbuMNmmUsRrKBNYo,LqmMfTlJfggaaygrtFaW,14,0,8,2934
FVJNrFxGiKfOmxMslBjm,mqBFCluLgZUaNjFiQEIv,11,1,7,6682
XVJUwvqpYRnUYBXWDFgu,rlOahvmuOjwXzwitEUTR,8,2,8,9729
BQtPZwwppAtmIdRQjXnj,kryBnIXiEtUHPONNOgxX,3,0,7,2459
FHbocNtBuFEYsfwscuSS,xMTvLIgRSxqdjpJEezzl,15,2,4,358
qTqHDxWKlwouPEKzuQae,NgbNqgFgxkDBzsNgWzuM,17,2,7,2648
ZZlfuUrFyrvvEjmxayAB,zFirSmsEKwuvmuMJOWdr,9,2,4,9901
fpqpNCJAOAgajZOdkrWU,FeWCHQbesPRZmnHaGFDg,18,2,7,6431
WbOMdUJEYtHUyZbfklGr,foqiJYsZhbLtaWhvqobI,9,2,0,4167
JJOtXmnnSgzLjzhMmOOK,eQQBdzSwcFZwjpfABmYl,12,9,2,5651
spPHxFiESYFspSAfgsBy,micpSehkrtDDyQYcALSC,11,2,8,2064
OeXFNdcdtFCDvycKstss,HKLylCxHLCPKzfIcAAvz,7,2,7,685
JpZUVFyYRKopIKghGLKP,rwAshaeWZKjpdDLepPHN,7,1,3,4840
sjluveVHWKYTNSMJRuUI,djHHRMDZdVBQmMmeaaMt,11,9,2,7329
hGcrzpXjWcloXJGvBaLD,maXTRlTNTgUlmtxjSXgT,5,1,1,8044
YqepVroEmfGSnOnvJyFK,mqJukOVnHNlFhAOOcxrV,16,0,1,5535
URrixgjvqwjwyikKkOGJ,hmffjCGbMNlHQbfIDxhf,9,2,6,9350
sAyPkKwNoUEeqrHClvVM,uplOSWrayDntffOvVYJM,17,1,8,6733
QtDyDoiIxwzhpcCykIZa,SiMVeaoaypDlhrRGwwmb,9,0,3,4422
LOltfpzzRCDYqBnIJxwu,UNOMXFwpeOlcuKrMJaSg,8,0,3,2983
ZnispbcfdadhUEPOlwQW,WahHdqNEyTyGciGmgeTh,2,1,7,4466
meFZGyosPAmTtBVwjUnf,czLBLMWVyZqmSAVEUzvV,12,1,2,7257
SCQbRIDzULbIsxWDcGGy,RuviAaLPYBmLoMqLvJuQ,15,2,6,7902
hjqCENqWEaFIPXxnIzMJ,yqTzqjbVPSVfLGHjqHHt,16,2,2,4629
kAlbiELTAnKfltPtZBhC,IzwXDGuWWDnqYGbVdJBZ,7,2,4,3730
HoLYIhkbByoLuAKsZYwA,ewIOLoXYMqMwYioUFIWE,7,0,4,9998
cIgxqpshWLWehZvgsVea,FfmzJEXTcQgMPhjvqSSC,2,1,8,3399
klyoPwunWwnvsDYGiVqu,rtZGQDRfIKbYAAZTrSrz,13,0,7,7901
LCuWwnYufsHkSJaiQtoD,eCgbOuhgWcTlPLgJYttl,18,0,8,8413
qnulUZOJMVCXHHpKtDpY,vbFnUXaeKVTIvOPvrCFD,2,1,2,2755
kbKXGdGQniNwmOpXEQAd,xlwboIIPugKsnsmtlZTh,3,2,7,8325
ppYoxIdxohTucWWWOolK,PrIkhypImqXRUBUmoDJt,8,2,8,1702
DHmaWxxvgttsQkojfHKV,SYlYKrBYvUMwCJnBEgLG,14,1,6,1902
